2025-11-12 22:32:30,751 [INFO] Initializing MyNAS backend system...
2025-11-12 22:32:30,752 [INFO] Auto-registering RPC handlers...
2025-11-12 22:32:30,754 [WARNING] Module acl has no register_rpc()
2025-11-12 22:32:30,755 [WARNING] Module backup has no register_rpc()
2025-11-12 22:32:30,756 [WARNING] Module monitoring has no register_rpc()
2025-11-12 22:32:30,758 [ERROR] Failed to import RPC handler 'samba': No module named 'backend.ws_server'
2025-11-12 22:32:30,759 [WARNING] Module shares has no register_rpc()
2025-11-12 22:32:30,765 [INFO] RPC registered: storage (5 methods)
2025-11-12 22:32:30,765 [INFO] Loaded RPC module: storage
2025-11-12 22:32:30,765 [INFO] RPC handlers registered successfully.
2025-11-12 22:32:30,765 [INFO] WebSocket manager registered.
2025-11-12 22:32:30,925 [INFO] === Starting MyNAS backend services ===
2025-11-12 22:32:31,064 [INFO] ✅ Detected ZFS pools: {'config_pools': [{'name': 'tank', 'devices': ['sdb']}], 'zpool_list': [{'name': 'main', 'health': 'ONLINE'}], 'importable_pools': []}
2025-11-12 22:32:31,064 [INFO] Loaded 0 shares from config.
2025-11-12 22:32:31,064 [INFO] ✅ Shares loaded successfully.
2025-11-12 22:32:31,064 [INFO] Auto-registering RPC handlers...
2025-11-12 22:32:31,065 [WARNING] Module acl has no register_rpc()
2025-11-12 22:32:31,065 [WARNING] Module backup has no register_rpc()
2025-11-12 22:32:31,065 [WARNING] Module monitoring has no register_rpc()
2025-11-12 22:32:31,066 [ERROR] Failed to import RPC handler 'samba': No module named 'backend.ws_server'
2025-11-12 22:32:31,066 [WARNING] Module shares has no register_rpc()
2025-11-12 22:32:31,066 [INFO] RPC registered: storage (5 methods)
2025-11-12 22:32:31,066 [INFO] Loaded RPC module: storage
2025-11-12 22:32:31,067 [INFO] ✅ RPC handlers registered
2025-11-12 22:32:31,067 [INFO] ✅ WebSocket manager configured
2025-11-12 22:32:31,067 [INFO] === Backend startup complete ===
2025-11-12 23:29:36,962 [INFO] Initializing MyNAS backend system...
2025-11-12 23:29:36,969 [INFO] Auto-registering RPC handlers...
2025-11-12 23:29:36,974 [WARNING] Module acl has no register_rpc()
2025-11-12 23:29:36,978 [WARNING] Module backup has no register_rpc()
2025-11-12 23:29:36,981 [WARNING] Module monitoring has no register_rpc()
2025-11-12 23:29:36,986 [ERROR] Failed to import RPC handler 'samba': No module named 'backend.ws_server'
2025-11-12 23:29:36,988 [WARNING] Module shares has no register_rpc()
2025-11-12 23:29:36,998 [INFO] RPC registered: storage (5 methods)
2025-11-12 23:29:37,015 [INFO] Loaded RPC module: storage
2025-11-12 23:29:37,015 [INFO] RPC handlers registered successfully.
2025-11-12 23:29:37,016 [INFO] WebSocket manager registered.
2025-11-12 23:29:37,222 [INFO] === Starting MyNAS backend services ===
2025-11-12 23:29:37,323 [INFO] ✅ Detected ZFS pools: {'config_pools': [{'name': 'tank', 'devices': ['sdb']}], 'zpool_list': [{'name': 'main', 'health': 'ONLINE'}], 'importable_pools': []}
2025-11-12 23:29:37,323 [INFO] Loaded 0 shares from config.
2025-11-12 23:29:37,323 [INFO] ✅ Shares loaded successfully.
2025-11-12 23:29:37,324 [INFO] Auto-registering RPC handlers...
2025-11-12 23:29:37,324 [WARNING] Module acl has no register_rpc()
2025-11-12 23:29:37,324 [WARNING] Module backup has no register_rpc()
2025-11-12 23:29:37,324 [WARNING] Module monitoring has no register_rpc()
2025-11-12 23:29:37,325 [ERROR] Failed to import RPC handler 'samba': No module named 'backend.ws_server'
2025-11-12 23:29:37,327 [WARNING] Module shares has no register_rpc()
2025-11-12 23:29:37,327 [INFO] RPC registered: storage (5 methods)
2025-11-12 23:29:37,327 [INFO] Loaded RPC module: storage
2025-11-12 23:29:37,328 [INFO] ✅ RPC handlers registered
2025-11-12 23:29:37,328 [INFO] ✅ WebSocket manager configured
2025-11-12 23:29:37,328 [INFO] === Backend startup complete ===
2025-11-13 00:17:04,850 [INFO] Initializing MyNAS backend system...
2025-11-13 00:17:04,852 [INFO] Auto-registering RPC handlers...
2025-11-13 00:17:04,855 [WARNING] Module acl has no register_rpc()
2025-11-13 00:17:04,857 [WARNING] Module backup has no register_rpc()
2025-11-13 00:17:04,858 [WARNING] Module monitoring has no register_rpc()
2025-11-13 00:17:04,860 [ERROR] Failed to import RPC handler 'samba': No module named 'backend.ws_server'
2025-11-13 00:17:04,861 [WARNING] Module shares has no register_rpc()
2025-11-13 00:17:04,869 [INFO] RPC registered: storage (5 methods)
2025-11-13 00:17:04,869 [INFO] Loaded RPC module: storage
2025-11-13 00:17:04,869 [INFO] RPC handlers registered successfully.
2025-11-13 00:17:04,869 [INFO] WebSocket manager registered.
2025-11-13 00:17:05,024 [INFO] === Starting MyNAS backend services ===
2025-11-13 00:17:05,118 [INFO] ✅ Detected ZFS pools: {'config_pools': [{'name': 'tank', 'devices': ['sdb']}], 'zpool_list': [{'name': 'main', 'health': 'ONLINE'}], 'importable_pools': []}
2025-11-13 00:17:05,118 [INFO] Loaded 0 shares from config.
2025-11-13 00:17:05,118 [INFO] ✅ Shares loaded successfully.
2025-11-13 00:17:05,118 [INFO] Auto-registering RPC handlers...
2025-11-13 00:17:05,119 [WARNING] Module acl has no register_rpc()
2025-11-13 00:17:05,119 [WARNING] Module backup has no register_rpc()
2025-11-13 00:17:05,119 [WARNING] Module monitoring has no register_rpc()
2025-11-13 00:17:05,119 [ERROR] Failed to import RPC handler 'samba': No module named 'backend.ws_server'
2025-11-13 00:17:05,120 [WARNING] Module shares has no register_rpc()
2025-11-13 00:17:05,120 [INFO] RPC registered: storage (5 methods)
2025-11-13 00:17:05,120 [INFO] Loaded RPC module: storage
2025-11-13 00:17:05,120 [INFO] ✅ RPC handlers registered
2025-11-13 00:17:05,120 [INFO] ✅ WebSocket manager configured
2025-11-13 00:17:05,120 [INFO] === Backend startup complete ===
2025-11-13 00:53:34,241 [INFO] Initializing MyNAS backend system...
2025-11-13 00:53:34,241 [INFO] Auto-registering RPC handlers...
2025-11-13 00:53:34,242 [WARNING] Module acl has no register_rpc()
2025-11-13 00:53:34,243 [WARNING] Module backup has no register_rpc()
2025-11-13 00:53:34,244 [WARNING] Module monitoring has no register_rpc()
2025-11-13 00:53:34,245 [ERROR] Failed to import RPC handler 'samba': No module named 'backend.ws_server'
2025-11-13 00:53:34,246 [WARNING] Module shares has no register_rpc()
2025-11-13 00:53:34,255 [INFO] RPC registered: storage (5 methods)
2025-11-13 00:53:34,255 [INFO] Loaded RPC module: storage
2025-11-13 00:53:34,256 [INFO] RPC handlers registered successfully.
2025-11-13 00:53:34,256 [INFO] WebSocket manager registered.
2025-11-13 00:53:34,420 [INFO] === Starting MyNAS backend services ===
2025-11-13 00:53:34,524 [INFO] ✅ Detected ZFS pools: {'config_pools': [{'name': 'tank', 'devices': ['sdb']}], 'zpool_list': [{'name': 'main', 'health': 'ONLINE'}], 'importable_pools': []}
2025-11-13 00:53:34,524 [INFO] Loaded 0 shares from config.
2025-11-13 00:53:34,524 [INFO] ✅ Shares loaded successfully.
2025-11-13 00:53:34,524 [INFO] Auto-registering RPC handlers...
2025-11-13 00:53:34,524 [WARNING] Module acl has no register_rpc()
2025-11-13 00:53:34,524 [WARNING] Module backup has no register_rpc()
2025-11-13 00:53:34,525 [WARNING] Module monitoring has no register_rpc()
2025-11-13 00:53:34,526 [ERROR] Failed to import RPC handler 'samba': No module named 'backend.ws_server'
2025-11-13 00:53:34,526 [WARNING] Module shares has no register_rpc()
2025-11-13 00:53:34,526 [INFO] RPC registered: storage (5 methods)
2025-11-13 00:53:34,526 [INFO] Loaded RPC module: storage
2025-11-13 00:53:34,526 [INFO] ✅ RPC handlers registered
2025-11-13 00:53:34,526 [INFO] ✅ WebSocket manager configured
2025-11-13 00:53:34,526 [INFO] === Backend startup complete ===
2025-11-13 00:59:33,224 [INFO] Initializing MyNAS backend system...
2025-11-13 00:59:33,225 [INFO] Auto-registering RPC handlers...
2025-11-13 00:59:33,226 [WARNING] Module acl has no register_rpc()
2025-11-13 00:59:33,227 [WARNING] Module backup has no register_rpc()
2025-11-13 00:59:33,227 [WARNING] Module monitoring has no register_rpc()
2025-11-13 00:59:33,228 [ERROR] Failed to import RPC handler 'samba': No module named 'backend.ws_server'
2025-11-13 00:59:33,228 [WARNING] Module shares has no register_rpc()
2025-11-13 00:59:33,236 [INFO] RPC registered: storage (5 methods)
2025-11-13 00:59:33,236 [INFO] Loaded RPC module: storage
2025-11-13 00:59:33,236 [INFO] RPC handlers registered successfully.
2025-11-13 00:59:33,236 [INFO] WebSocket manager registered.
2025-11-13 00:59:33,375 [INFO] === Starting MyNAS backend services ===
2025-11-13 00:59:33,475 [INFO] ✅ Detected ZFS pools: {'config_pools': [{'name': 'tank', 'devices': ['sdb']}], 'zpool_list': [{'name': 'main', 'health': 'ONLINE'}], 'importable_pools': []}
2025-11-13 00:59:33,475 [INFO] Loaded 0 shares from config.
2025-11-13 00:59:33,475 [INFO] ✅ Shares loaded successfully.
2025-11-13 00:59:33,475 [INFO] Auto-registering RPC handlers...
2025-11-13 00:59:33,475 [WARNING] Module acl has no register_rpc()
2025-11-13 00:59:33,475 [WARNING] Module backup has no register_rpc()
2025-11-13 00:59:33,476 [WARNING] Module monitoring has no register_rpc()
2025-11-13 00:59:33,476 [ERROR] Failed to import RPC handler 'samba': No module named 'backend.ws_server'
2025-11-13 00:59:33,476 [WARNING] Module shares has no register_rpc()
2025-11-13 00:59:33,476 [INFO] RPC registered: storage (5 methods)
2025-11-13 00:59:33,477 [INFO] Loaded RPC module: storage
2025-11-13 00:59:33,477 [INFO] ✅ RPC handlers registered
2025-11-13 00:59:33,477 [INFO] ✅ WebSocket manager configured
2025-11-13 00:59:33,477 [INFO] === Backend startup complete ===
2025-11-13 01:01:02,792 [INFO] Configuration saved successfully.
2025-11-13 06:57:42,534 [INFO] Initializing MyNAS backend system...
2025-11-13 06:57:42,534 [INFO] Auto-registering RPC handlers...
2025-11-13 06:57:42,536 [WARNING] Module acl has no register_rpc()
2025-11-13 06:57:42,537 [WARNING] Module backup has no register_rpc()
2025-11-13 06:57:42,537 [WARNING] Module monitoring has no register_rpc()
2025-11-13 06:57:42,538 [ERROR] Failed to import RPC handler 'samba': No module named 'backend.ws_server'
2025-11-13 06:57:42,539 [WARNING] Module shares has no register_rpc()
2025-11-13 06:57:42,546 [INFO] RPC registered: storage (5 methods)
2025-11-13 06:57:42,546 [INFO] Loaded RPC module: storage
2025-11-13 06:57:42,547 [INFO] RPC handlers registered successfully.
2025-11-13 06:57:42,547 [INFO] WebSocket manager registered.
2025-11-13 06:57:42,695 [INFO] === Starting MyNAS backend services ===
2025-11-13 06:57:42,793 [INFO] ✅ Detected ZFS pools: {'config_pools': [{'name': 'tank', 'devices': ['sdb']}], 'zpool_list': [{'name': 'main', 'health': 'ONLINE'}], 'importable_pools': []}
2025-11-13 06:57:42,794 [INFO] Loaded 0 shares from config.
2025-11-13 06:57:42,795 [INFO] ✅ Shares loaded successfully.
2025-11-13 06:57:42,795 [INFO] Auto-registering RPC handlers...
2025-11-13 06:57:42,795 [WARNING] Module acl has no register_rpc()
2025-11-13 06:57:42,795 [WARNING] Module backup has no register_rpc()
2025-11-13 06:57:42,796 [WARNING] Module monitoring has no register_rpc()
2025-11-13 06:57:42,796 [ERROR] Failed to import RPC handler 'samba': No module named 'backend.ws_server'
2025-11-13 06:57:42,797 [WARNING] Module shares has no register_rpc()
2025-11-13 06:57:42,797 [INFO] RPC registered: storage (5 methods)
2025-11-13 06:57:42,797 [INFO] Loaded RPC module: storage
2025-11-13 06:57:42,797 [INFO] ✅ RPC handlers registered
2025-11-13 06:57:42,797 [INFO] ✅ WebSocket manager configured
2025-11-13 06:57:42,798 [INFO] === Backend startup complete ===
2025-11-13 07:15:42,988 [INFO] Initializing MyNAS backend system...
2025-11-13 07:15:42,989 [INFO] Auto-registering RPC handlers...
2025-11-13 07:15:42,991 [WARNING] Module acl has no register_rpc()
2025-11-13 07:15:42,991 [WARNING] Module backup has no register_rpc()
2025-11-13 07:15:42,992 [WARNING] Module monitoring has no register_rpc()
2025-11-13 07:15:42,993 [ERROR] Failed to import RPC handler 'samba': No module named 'backend.ws_server'
2025-11-13 07:15:42,993 [WARNING] Module shares has no register_rpc()
2025-11-13 07:15:42,998 [INFO] RPC registered: storage (5 methods)
2025-11-13 07:15:42,999 [INFO] Loaded RPC module: storage
2025-11-13 07:15:42,999 [INFO] RPC handlers registered successfully.
2025-11-13 07:15:42,999 [INFO] WebSocket manager registered.
2025-11-13 07:15:43,150 [INFO] === Starting MyNAS backend services ===
2025-11-13 07:15:43,264 [INFO] ✅ Detected ZFS pools: {'config_pools': [{'name': 'tank', 'devices': ['sdb']}], 'zpool_list': [{'name': 'main', 'health': 'ONLINE'}], 'importable_pools': []}
2025-11-13 07:15:43,264 [INFO] Loaded 0 shares from config.
2025-11-13 07:15:43,265 [INFO] ✅ Shares loaded successfully.
2025-11-13 07:15:43,265 [INFO] Auto-registering RPC handlers...
2025-11-13 07:15:43,265 [WARNING] Module acl has no register_rpc()
2025-11-13 07:15:43,265 [WARNING] Module backup has no register_rpc()
2025-11-13 07:15:43,265 [WARNING] Module monitoring has no register_rpc()
2025-11-13 07:15:43,266 [ERROR] Failed to import RPC handler 'samba': No module named 'backend.ws_server'
2025-11-13 07:15:43,266 [WARNING] Module shares has no register_rpc()
2025-11-13 07:15:43,266 [INFO] RPC registered: storage (5 methods)
2025-11-13 07:15:43,266 [INFO] Loaded RPC module: storage
2025-11-13 07:15:43,266 [INFO] ✅ RPC handlers registered
2025-11-13 07:15:43,266 [INFO] ✅ WebSocket manager configured
2025-11-13 07:15:43,266 [INFO] === Backend startup complete ===
2025-11-13 08:54:00,270 [INFO] Initializing MyNAS backend system...
2025-11-13 08:54:00,270 [INFO] Auto-registering RPC handlers...
2025-11-13 08:54:00,271 [WARNING] Module acl has no register_rpc()
2025-11-13 08:54:00,271 [WARNING] Module backup has no register_rpc()
2025-11-13 08:54:00,272 [WARNING] Module monitoring has no register_rpc()
2025-11-13 08:54:00,272 [ERROR] Failed to import RPC handler 'samba': No module named 'backend.ws_server'
2025-11-13 08:54:00,273 [WARNING] Module shares has no register_rpc()
2025-11-13 08:54:00,277 [INFO] RPC registered: storage (5 methods)
2025-11-13 08:54:00,278 [INFO] Loaded RPC module: storage
2025-11-13 08:54:00,278 [INFO] RPC handlers registered successfully.
2025-11-13 08:54:00,278 [INFO] WebSocket manager registered.
2025-11-13 08:54:00,412 [INFO] === Starting MyNAS backend services ===
2025-11-13 08:54:00,552 [INFO] ✅ Detected ZFS pools: {'config_pools': [{'name': 'tank', 'devices': ['sdb']}], 'zpool_list': [{'name': 'main', 'health': 'ONLINE'}], 'importable_pools': []}
2025-11-13 08:54:00,552 [INFO] Loaded 0 shares from config.
2025-11-13 08:54:00,553 [INFO] ✅ Shares loaded successfully.
2025-11-13 08:54:00,553 [INFO] Auto-registering RPC handlers...
2025-11-13 08:54:00,553 [WARNING] Module acl has no register_rpc()
2025-11-13 08:54:00,554 [WARNING] Module backup has no register_rpc()
2025-11-13 08:54:00,554 [WARNING] Module monitoring has no register_rpc()
2025-11-13 08:54:00,555 [ERROR] Failed to import RPC handler 'samba': No module named 'backend.ws_server'
2025-11-13 08:54:00,555 [WARNING] Module shares has no register_rpc()
2025-11-13 08:54:00,556 [INFO] RPC registered: storage (5 methods)
2025-11-13 08:54:00,556 [INFO] Loaded RPC module: storage
2025-11-13 08:54:00,556 [INFO] ✅ RPC handlers registered
2025-11-13 08:54:00,556 [INFO] ✅ WebSocket manager configured
2025-11-13 08:54:00,556 [INFO] === Backend startup complete ===
2025-11-13 08:54:00,559 [INFO] 🛑 MyNAS Backend Shutting down...
2025-11-13 08:54:00,564 [INFO] Backend terminated.
2025-11-13 09:03:43,896 [INFO] Initializing MyNAS backend system...
2025-11-13 09:03:43,896 [INFO] Auto-registering RPC handlers...
2025-11-13 09:03:43,898 [WARNING] Module acl has no register_rpc()
2025-11-13 09:03:43,899 [WARNING] Module backup has no register_rpc()
2025-11-13 09:03:43,899 [WARNING] Module monitoring has no register_rpc()
2025-11-13 09:03:43,901 [ERROR] Failed to import RPC handler 'samba': No module named 'backend.ws_server'
2025-11-13 09:03:43,901 [WARNING] Module shares has no register_rpc()
2025-11-13 09:03:43,907 [INFO] RPC registered: storage (5 methods)
2025-11-13 09:03:43,907 [INFO] Loaded RPC module: storage
2025-11-13 09:03:43,907 [INFO] RPC handlers registered successfully.
2025-11-13 09:03:43,907 [INFO] WebSocket manager registered.
2025-11-13 09:03:44,234 [INFO] === Starting MyNAS backend services ===
2025-11-13 09:03:44,340 [INFO] ✅ Detected ZFS pools: {'config_pools': [{'name': 'tank', 'devices': ['sdb']}], 'zpool_list': [{'name': 'main', 'health': 'ONLINE'}], 'importable_pools': []}
2025-11-13 09:03:44,341 [INFO] Loaded 0 shares from config.
2025-11-13 09:03:44,341 [INFO] ✅ Shares loaded successfully.
2025-11-13 09:03:44,341 [INFO] Auto-registering RPC handlers...
2025-11-13 09:03:44,342 [WARNING] Module acl has no register_rpc()
2025-11-13 09:03:44,342 [WARNING] Module backup has no register_rpc()
2025-11-13 09:03:44,343 [WARNING] Module monitoring has no register_rpc()
2025-11-13 09:03:44,344 [ERROR] Failed to import RPC handler 'samba': No module named 'backend.ws_server'
2025-11-13 09:03:44,344 [WARNING] Module shares has no register_rpc()
2025-11-13 09:03:44,345 [INFO] RPC registered: storage (5 methods)
2025-11-13 09:03:44,345 [INFO] Loaded RPC module: storage
2025-11-13 09:03:44,346 [INFO] ✅ RPC handlers registered
2025-11-13 09:03:44,346 [INFO] ✅ WebSocket manager configured
2025-11-13 09:03:44,346 [INFO] === Backend startup complete ===
2025-11-13 09:05:53,362 [INFO] WebSocket connected: Address(host='127.0.0.1', port=44368)
2025-11-13 13:16:28,199 [INFO] Initializing MyNAS backend system...
2025-11-13 13:16:28,201 [INFO] Auto-registering RPC handlers...
2025-11-13 13:16:28,202 [WARNING] Module acl has no register_rpc()
2025-11-13 13:16:28,202 [WARNING] Module backup has no register_rpc()
2025-11-13 13:16:28,203 [WARNING] Module monitoring has no register_rpc()
2025-11-13 13:16:28,205 [ERROR] Failed to import RPC handler 'samba': No module named 'backend.ws_server'
2025-11-13 13:16:28,205 [WARNING] Module shares has no register_rpc()
2025-11-13 13:16:28,211 [INFO] RPC registered: storage (5 methods)
2025-11-13 13:16:28,211 [INFO] Loaded RPC module: storage
2025-11-13 13:16:28,212 [INFO] RPC handlers registered successfully.
2025-11-13 13:16:28,212 [INFO] WebSocket manager registered.
2025-11-13 13:16:28,394 [INFO] === Starting MyNAS backend services ===
2025-11-13 13:16:29,640 [INFO] ✅ Detected ZFS pools: {'config_pools': [{'name': 'tank', 'devices': ['sdb']}], 'zpool_list': [{'name': 'main', 'health': 'ONLINE'}], 'importable_pools': []}
2025-11-13 13:16:29,641 [INFO] Loaded 0 shares from config.
2025-11-13 13:16:29,642 [INFO] ✅ Shares loaded successfully.
2025-11-13 13:16:29,642 [INFO] Auto-registering RPC handlers...
2025-11-13 13:16:29,642 [WARNING] Module acl has no register_rpc()
2025-11-13 13:16:29,642 [WARNING] Module backup has no register_rpc()
2025-11-13 13:16:29,642 [WARNING] Module monitoring has no register_rpc()
2025-11-13 13:16:29,643 [ERROR] Failed to import RPC handler 'samba': No module named 'backend.ws_server'
2025-11-13 13:16:29,643 [WARNING] Module shares has no register_rpc()
2025-11-13 13:16:29,646 [INFO] RPC registered: storage (5 methods)
2025-11-13 13:16:29,646 [INFO] Loaded RPC module: storage
2025-11-13 13:16:29,646 [INFO] ✅ RPC handlers registered
2025-11-13 13:16:29,647 [INFO] ✅ WebSocket manager configured
2025-11-13 13:16:29,647 [INFO] === Backend startup complete ===
2025-11-13 13:20:39,327 [INFO] Initializing MyNAS backend system...
2025-11-13 13:20:39,327 [INFO] Auto-registering RPC handlers...
2025-11-13 13:20:39,328 [WARNING] Module acl has no register_rpc()
2025-11-13 13:20:39,329 [WARNING] Module backup has no register_rpc()
2025-11-13 13:20:39,330 [WARNING] Module monitoring has no register_rpc()
2025-11-13 13:20:39,331 [ERROR] Failed to import RPC handler 'samba': No module named 'backend.ws_server'
2025-11-13 13:20:39,332 [WARNING] Module shares has no register_rpc()
2025-11-13 13:20:39,337 [INFO] RPC registered: storage (5 methods)
2025-11-13 13:20:39,338 [INFO] Loaded RPC module: storage
2025-11-13 13:20:39,339 [INFO] RPC handlers registered successfully.
2025-11-13 13:20:39,339 [INFO] WebSocket manager registered.
2025-11-13 13:20:39,495 [INFO] === Starting MyNAS backend services ===
2025-11-13 13:20:39,595 [INFO] ✅ Detected ZFS pools: {'config_pools': [{'name': 'tank', 'devices': ['sdb']}], 'zpool_list': [{'name': 'main', 'health': 'ONLINE'}], 'importable_pools': []}
2025-11-13 13:20:39,595 [INFO] Loaded 0 shares from config.
2025-11-13 13:20:39,596 [INFO] ✅ Shares loaded successfully.
2025-11-13 13:20:39,596 [INFO] Auto-registering RPC handlers...
2025-11-13 13:20:39,596 [WARNING] Module acl has no register_rpc()
2025-11-13 13:20:39,597 [WARNING] Module backup has no register_rpc()
2025-11-13 13:20:39,597 [WARNING] Module monitoring has no register_rpc()
2025-11-13 13:20:39,597 [ERROR] Failed to import RPC handler 'samba': No module named 'backend.ws_server'
2025-11-13 13:20:39,598 [WARNING] Module shares has no register_rpc()
2025-11-13 13:20:39,598 [INFO] RPC registered: storage (5 methods)
2025-11-13 13:20:39,598 [INFO] Loaded RPC module: storage
2025-11-13 13:20:39,599 [INFO] ✅ RPC handlers registered
2025-11-13 13:20:39,599 [INFO] ✅ WebSocket manager configured
2025-11-13 13:20:39,599 [INFO] === Backend startup complete ===
2025-11-13 13:23:55,604 [INFO] Initializing MyNAS backend system...
2025-11-13 13:23:55,604 [INFO] Auto-registering RPC handlers...
2025-11-13 13:23:55,606 [WARNING] Module acl has no register_rpc()
2025-11-13 13:23:55,607 [WARNING] Module backup has no register_rpc()
2025-11-13 13:23:55,607 [WARNING] Module monitoring has no register_rpc()
2025-11-13 13:23:55,608 [ERROR] Failed to import RPC handler 'samba': No module named 'backend.ws_server'
2025-11-13 13:23:55,609 [WARNING] Module shares has no register_rpc()
2025-11-13 13:23:55,614 [INFO] RPC registered: storage (5 methods)
2025-11-13 13:23:55,615 [INFO] Loaded RPC module: storage
2025-11-13 13:23:55,615 [INFO] RPC handlers registered successfully.
2025-11-13 13:23:55,615 [INFO] WebSocket manager registered.
2025-11-13 13:23:55,752 [INFO] === Starting MyNAS backend services ===
2025-11-13 13:23:55,871 [INFO] ✅ Detected ZFS pools: {'config_pools': [{'name': 'tank', 'devices': ['sdb']}], 'zpool_list': [{'name': 'main', 'health': 'ONLINE'}], 'importable_pools': []}
2025-11-13 13:23:55,872 [INFO] Loaded 0 shares from config.
2025-11-13 13:23:55,872 [INFO] ✅ Shares loaded successfully.
2025-11-13 13:23:55,872 [INFO] Auto-registering RPC handlers...
2025-11-13 13:23:55,872 [WARNING] Module acl has no register_rpc()
2025-11-13 13:23:55,874 [WARNING] Module backup has no register_rpc()
2025-11-13 13:23:55,874 [WARNING] Module monitoring has no register_rpc()
2025-11-13 13:23:55,879 [ERROR] Failed to import RPC handler 'samba': No module named 'backend.ws_server'
2025-11-13 13:23:55,882 [WARNING] Module shares has no register_rpc()
2025-11-13 13:23:55,882 [INFO] RPC registered: storage (5 methods)
2025-11-13 13:23:55,882 [INFO] Loaded RPC module: storage
2025-11-13 13:23:55,882 [INFO] ✅ RPC handlers registered
2025-11-13 13:23:55,882 [INFO] ✅ WebSocket manager configured
2025-11-13 13:23:55,882 [INFO] === Backend startup complete ===
2025-11-13 13:27:18,330 [INFO] Initializing MyNAS backend system...
2025-11-13 13:27:18,331 [INFO] Auto-registering RPC handlers...
2025-11-13 13:27:18,331 [WARNING] Module acl has no register_rpc()
2025-11-13 13:27:18,332 [WARNING] Module backup has no register_rpc()
2025-11-13 13:27:18,332 [WARNING] Module monitoring has no register_rpc()
2025-11-13 13:27:18,333 [ERROR] Failed to import RPC handler 'samba': No module named 'backend.ws_server'
2025-11-13 13:27:18,334 [WARNING] Module shares has no register_rpc()
2025-11-13 13:27:18,340 [INFO] RPC registered: storage (5 methods)
2025-11-13 13:27:18,345 [INFO] Loaded RPC module: storage
2025-11-13 13:27:18,345 [INFO] RPC handlers registered successfully.
2025-11-13 13:27:18,345 [INFO] WebSocket manager registered.
2025-11-13 13:27:18,505 [INFO] === Starting MyNAS backend services ===
2025-11-13 13:27:18,598 [INFO] ✅ Detected ZFS pools: {'config_pools': [{'name': 'tank', 'devices': ['sdb']}], 'zpool_list': [{'name': 'main', 'health': 'ONLINE'}], 'importable_pools': []}
2025-11-13 13:27:18,599 [INFO] Loaded 0 shares from config.
2025-11-13 13:27:18,599 [INFO] ✅ Shares loaded successfully.
2025-11-13 13:27:18,599 [INFO] Auto-registering RPC handlers...
2025-11-13 13:27:18,600 [WARNING] Module acl has no register_rpc()
2025-11-13 13:27:18,601 [WARNING] Module backup has no register_rpc()
2025-11-13 13:27:18,601 [WARNING] Module monitoring has no register_rpc()
2025-11-13 13:27:18,602 [ERROR] Failed to import RPC handler 'samba': No module named 'backend.ws_server'
2025-11-13 13:27:18,602 [WARNING] Module shares has no register_rpc()
2025-11-13 13:27:18,602 [INFO] RPC registered: storage (5 methods)
2025-11-13 13:27:18,603 [INFO] Loaded RPC module: storage
2025-11-13 13:27:18,604 [INFO] ✅ RPC handlers registered
2025-11-13 13:27:18,605 [INFO] ✅ WebSocket manager configured
2025-11-13 13:27:18,605 [INFO] === Backend startup complete ===
2025-11-13 14:01:18,224 [INFO] Initializing MyNAS backend system...
2025-11-13 14:01:18,225 [INFO] Auto-registering RPC handlers...
2025-11-13 14:01:18,226 [WARNING] Module acl has no register_rpc()
2025-11-13 14:01:18,227 [WARNING] Module backup has no register_rpc()
2025-11-13 14:01:18,227 [WARNING] Module monitoring has no register_rpc()
2025-11-13 14:01:18,228 [ERROR] Failed to import RPC handler 'samba': No module named 'backend.ws_server'
2025-11-13 14:01:18,229 [WARNING] Module shares has no register_rpc()
2025-11-13 14:01:18,234 [INFO] RPC registered: storage (5 methods)
2025-11-13 14:01:18,234 [INFO] Loaded RPC module: storage
2025-11-13 14:01:18,234 [INFO] RPC handlers registered successfully.
2025-11-13 14:01:18,235 [INFO] WebSocket manager registered.
2025-11-13 14:01:18,372 [INFO] === Starting MyNAS backend services ===
2025-11-13 14:01:18,472 [INFO] ✅ Detected ZFS pools: {'config_pools': [{'name': 'tank', 'devices': ['sdb']}], 'zpool_list': [{'name': 'main', 'health': 'ONLINE'}], 'importable_pools': []}
2025-11-13 14:01:18,472 [INFO] Loaded 0 shares from config.
2025-11-13 14:01:18,472 [INFO] ✅ Shares loaded successfully.
2025-11-13 14:01:18,472 [INFO] Auto-registering RPC handlers...
2025-11-13 14:01:18,472 [WARNING] Module acl has no register_rpc()
2025-11-13 14:01:18,472 [WARNING] Module backup has no register_rpc()
2025-11-13 14:01:18,472 [WARNING] Module monitoring has no register_rpc()
2025-11-13 14:01:18,473 [ERROR] Failed to import RPC handler 'samba': No module named 'backend.ws_server'
2025-11-13 14:01:18,473 [WARNING] Module shares has no register_rpc()
2025-11-13 14:01:18,473 [INFO] RPC registered: storage (5 methods)
2025-11-13 14:01:18,473 [INFO] Loaded RPC module: storage
2025-11-13 14:01:18,474 [INFO] ✅ RPC handlers registered
2025-11-13 14:01:18,474 [INFO] ✅ WebSocket manager configured
2025-11-13 14:01:18,474 [INFO] === Backend startup complete ===
2025-11-13 18:33:47,886 [INFO] Initializing MyNAS backend system...
2025-11-13 18:33:47,889 [INFO] Auto-registering RPC handlers...
2025-11-13 18:33:47,891 [WARNING] Module acl has no register_rpc()
2025-11-13 18:33:47,893 [WARNING] Module backup has no register_rpc()
2025-11-13 18:33:47,894 [WARNING] Module monitoring has no register_rpc()
2025-11-13 18:33:47,897 [ERROR] Failed to import RPC handler 'samba': No module named 'backend.ws_server'
2025-11-13 18:33:47,899 [WARNING] Module shares has no register_rpc()
2025-11-13 18:33:47,907 [INFO] RPC registered: storage (5 methods)
2025-11-13 18:33:47,908 [INFO] Loaded RPC module: storage
2025-11-13 18:33:47,908 [INFO] RPC handlers registered successfully.
2025-11-13 18:33:47,909 [INFO] WebSocket manager registered.
2025-11-13 18:33:48,071 [INFO] === Starting MyNAS backend services ===
2025-11-13 18:33:49,251 [INFO] ✅ Detected ZFS pools: {'config_pools': [{'name': 'tank', 'devices': ['sdb']}], 'zpool_list': [{'name': 'main', 'health': 'ONLINE'}], 'importable_pools': []}
2025-11-13 18:33:49,252 [INFO] Loaded 0 shares from config.
2025-11-13 18:33:49,256 [INFO] ✅ Shares loaded successfully.
2025-11-13 18:33:49,257 [INFO] Auto-registering RPC handlers...
2025-11-13 18:33:49,259 [WARNING] Module acl has no register_rpc()
2025-11-13 18:33:49,262 [WARNING] Module backup has no register_rpc()
2025-11-13 18:33:49,262 [WARNING] Module monitoring has no register_rpc()
2025-11-13 18:33:49,262 [ERROR] Failed to import RPC handler 'samba': No module named 'backend.ws_server'
2025-11-13 18:33:49,264 [WARNING] Module shares has no register_rpc()
2025-11-13 18:33:49,264 [INFO] RPC registered: storage (5 methods)
2025-11-13 18:33:49,264 [INFO] Loaded RPC module: storage
2025-11-13 18:33:49,264 [INFO] ✅ RPC handlers registered
2025-11-13 18:33:49,265 [INFO] ✅ WebSocket manager configured
2025-11-13 18:33:49,265 [INFO] === Backend startup complete ===
2025-11-13 18:48:17,619 [INFO] Initializing MyNAS backend system...
2025-11-13 18:48:17,619 [INFO] Auto-registering RPC handlers...
2025-11-13 18:48:17,620 [WARNING] Module acl has no register_rpc()
2025-11-13 18:48:17,620 [WARNING] Module backup has no register_rpc()
2025-11-13 18:48:17,621 [WARNING] Module monitoring has no register_rpc()
2025-11-13 18:48:17,622 [ERROR] Failed to import RPC handler 'samba': No module named 'backend.ws_server'
2025-11-13 18:48:17,622 [WARNING] Module shares has no register_rpc()
2025-11-13 18:48:17,629 [INFO] RPC registered: storage (5 methods)
2025-11-13 18:48:17,630 [INFO] Loaded RPC module: storage
2025-11-13 18:48:17,630 [INFO] RPC handlers registered successfully.
2025-11-13 18:48:17,630 [INFO] WebSocket manager registered.
2025-11-13 18:48:17,772 [INFO] === Starting MyNAS backend services ===
2025-11-13 18:48:17,892 [INFO] ✅ Detected ZFS pools: {'config_pools': [{'name': 'tank', 'devices': ['sdb']}], 'zpool_list': [{'name': 'main', 'health': 'ONLINE'}], 'importable_pools': []}
2025-11-13 18:48:17,892 [INFO] Loaded 0 shares from config.
2025-11-13 18:48:17,895 [INFO] ✅ Shares loaded successfully.
2025-11-13 18:48:17,895 [INFO] Auto-registering RPC handlers...
2025-11-13 18:48:17,896 [WARNING] Module acl has no register_rpc()
2025-11-13 18:48:17,897 [WARNING] Module backup has no register_rpc()
2025-11-13 18:48:17,899 [WARNING] Module monitoring has no register_rpc()
2025-11-13 18:48:17,901 [ERROR] Failed to import RPC handler 'samba': No module named 'backend.ws_server'
2025-11-13 18:48:17,903 [WARNING] Module shares has no register_rpc()
2025-11-13 18:48:17,903 [INFO] RPC registered: storage (5 methods)
2025-11-13 18:48:17,903 [INFO] Loaded RPC module: storage
2025-11-13 18:48:17,904 [INFO] ✅ RPC handlers registered
2025-11-13 18:48:17,904 [INFO] ✅ WebSocket manager configured
2025-11-13 18:48:17,904 [INFO] === Backend startup complete ===
2025-11-13 18:52:38,177 [INFO] Initializing MyNAS backend system...
2025-11-13 18:52:38,178 [INFO] Auto-registering RPC handlers...
2025-11-13 18:52:38,180 [WARNING] Module acl has no register_rpc()
2025-11-13 18:52:38,181 [WARNING] Module backup has no register_rpc()
2025-11-13 18:52:38,182 [WARNING] Module monitoring has no register_rpc()
2025-11-13 18:52:38,184 [ERROR] Failed to import RPC handler 'samba': No module named 'backend.ws_server'
2025-11-13 18:52:38,185 [WARNING] Module shares has no register_rpc()
2025-11-13 18:52:38,192 [INFO] RPC registered: storage (5 methods)
2025-11-13 18:52:38,193 [INFO] Loaded RPC module: storage
2025-11-13 18:52:38,194 [INFO] RPC handlers registered successfully.
2025-11-13 18:52:38,194 [INFO] WebSocket manager registered.
2025-11-13 18:52:38,327 [INFO] === Starting MyNAS backend services ===
2025-11-13 18:52:38,440 [INFO] ✅ Detected ZFS pools: {'config_pools': [{'name': 'tank', 'devices': ['sdb']}], 'zpool_list': [{'name': 'main', 'health': 'ONLINE'}], 'importable_pools': []}
2025-11-13 18:52:38,441 [INFO] Loaded 0 shares from config.
2025-11-13 18:52:38,449 [INFO] ✅ Shares loaded successfully.
2025-11-13 18:52:38,451 [INFO] Auto-registering RPC handlers...
2025-11-13 18:52:38,454 [WARNING] Module acl has no register_rpc()
2025-11-13 18:52:38,455 [WARNING] Module backup has no register_rpc()
2025-11-13 18:52:38,458 [WARNING] Module monitoring has no register_rpc()
2025-11-13 18:52:38,460 [ERROR] Failed to import RPC handler 'samba': No module named 'backend.ws_server'
2025-11-13 18:52:38,462 [WARNING] Module shares has no register_rpc()
2025-11-13 18:52:38,464 [INFO] RPC registered: storage (5 methods)
2025-11-13 18:52:38,465 [INFO] Loaded RPC module: storage
2025-11-13 18:52:38,466 [INFO] ✅ RPC handlers registered
2025-11-13 18:52:38,467 [INFO] ✅ WebSocket manager configured
2025-11-13 18:52:38,468 [INFO] === Backend startup complete ===
2025-11-13 19:46:25,879 [INFO] Initializing MyNAS backend system...
2025-11-13 19:46:25,880 [INFO] Auto-registering RPC handlers...
2025-11-13 19:46:25,881 [WARNING] Module acl has no register_rpc()
2025-11-13 19:46:25,883 [WARNING] Module backup has no register_rpc()
2025-11-13 19:46:25,884 [WARNING] Module monitoring has no register_rpc()
2025-11-13 19:46:25,885 [ERROR] Failed to import RPC handler 'samba': No module named 'backend.ws_server'
2025-11-13 19:46:25,886 [WARNING] Module shares has no register_rpc()
2025-11-13 19:46:25,893 [INFO] RPC registered: storage (5 methods)
2025-11-13 19:46:25,894 [INFO] Loaded RPC module: storage
2025-11-13 19:46:25,894 [INFO] RPC handlers registered successfully.
2025-11-13 19:46:25,894 [INFO] WebSocket manager registered.
2025-11-13 19:46:26,040 [INFO] === Starting MyNAS backend services ===
2025-11-13 19:46:26,188 [INFO] ✅ Detected ZFS pools: {'config_pools': [{'name': 'tank', 'devices': ['sdb']}], 'zpool_list': [{'name': 'main', 'health': 'ONLINE'}], 'importable_pools': []}
2025-11-13 19:46:26,189 [INFO] Loaded 0 shares from config.
2025-11-13 19:46:26,192 [INFO] ✅ Shares loaded successfully.
2025-11-13 19:46:26,193 [INFO] Auto-registering RPC handlers...
2025-11-13 19:46:26,193 [WARNING] Module acl has no register_rpc()
2025-11-13 19:46:26,193 [WARNING] Module backup has no register_rpc()
2025-11-13 19:46:26,193 [WARNING] Module monitoring has no register_rpc()
2025-11-13 19:46:26,194 [ERROR] Failed to import RPC handler 'samba': No module named 'backend.ws_server'
2025-11-13 19:46:26,194 [WARNING] Module shares has no register_rpc()
2025-11-13 19:46:26,194 [INFO] RPC registered: storage (5 methods)
2025-11-13 19:46:26,194 [INFO] Loaded RPC module: storage
2025-11-13 19:46:26,195 [INFO] ✅ RPC handlers registered
2025-11-13 19:46:26,195 [INFO] ✅ WebSocket manager configured
2025-11-13 19:46:26,195 [INFO] === Backend startup complete ===
2025-11-13 19:48:21,057 [INFO] Initializing MyNAS backend system...
2025-11-13 19:48:21,058 [INFO] Auto-registering RPC handlers...
2025-11-13 19:48:21,059 [WARNING] Module acl has no register_rpc()
2025-11-13 19:48:21,060 [WARNING] Module backup has no register_rpc()
2025-11-13 19:48:21,060 [WARNING] Module monitoring has no register_rpc()
2025-11-13 19:48:21,062 [ERROR] Failed to import RPC handler 'samba': No module named 'backend.ws_server'
2025-11-13 19:48:21,063 [WARNING] Module shares has no register_rpc()
2025-11-13 19:48:21,072 [INFO] RPC registered: storage (5 methods)
2025-11-13 19:48:21,073 [INFO] Loaded RPC module: storage
2025-11-13 19:48:21,073 [INFO] RPC handlers registered successfully.
2025-11-13 19:48:21,073 [INFO] WebSocket manager registered.
2025-11-13 19:48:21,251 [INFO] === Starting MyNAS backend services ===
2025-11-13 19:48:21,389 [INFO] ✅ Detected ZFS pools: {'config_pools': [{'name': 'tank', 'devices': ['sdb']}], 'zpool_list': [{'name': 'main', 'health': 'ONLINE'}], 'importable_pools': []}
2025-11-13 19:48:21,390 [INFO] Loaded 0 shares from config.
2025-11-13 19:48:21,394 [INFO] ✅ Shares loaded successfully.
2025-11-13 19:48:21,395 [INFO] Auto-registering RPC handlers...
2025-11-13 19:48:21,395 [WARNING] Module acl has no register_rpc()
2025-11-13 19:48:21,395 [WARNING] Module backup has no register_rpc()
2025-11-13 19:48:21,397 [WARNING] Module monitoring has no register_rpc()
2025-11-13 19:48:21,398 [ERROR] Failed to import RPC handler 'samba': No module named 'backend.ws_server'
2025-11-13 19:48:21,401 [WARNING] Module shares has no register_rpc()
2025-11-13 19:48:21,401 [INFO] RPC registered: storage (5 methods)
2025-11-13 19:48:21,401 [INFO] Loaded RPC module: storage
2025-11-13 19:48:21,402 [INFO] ✅ RPC handlers registered
2025-11-13 19:48:21,402 [INFO] ✅ WebSocket manager configured
2025-11-13 19:48:21,402 [INFO] === Backend startup complete ===
2025-11-13 19:52:00,778 [INFO] Initializing MyNAS backend system...
2025-11-13 19:52:00,778 [INFO] Auto-registering RPC handlers...
2025-11-13 19:52:00,780 [WARNING] Module acl has no register_rpc()
2025-11-13 19:52:00,781 [WARNING] Module backup has no register_rpc()
2025-11-13 19:52:00,782 [WARNING] Module monitoring has no register_rpc()
2025-11-13 19:52:00,783 [ERROR] Failed to import RPC handler 'samba': No module named 'backend.ws_server'
2025-11-13 19:52:00,784 [WARNING] Module shares has no register_rpc()
2025-11-13 19:52:00,791 [INFO] RPC registered: storage (5 methods)
2025-11-13 19:52:00,792 [INFO] Loaded RPC module: storage
2025-11-13 19:52:00,792 [INFO] RPC handlers registered successfully.
2025-11-13 19:52:00,792 [INFO] WebSocket manager registered.
2025-11-13 19:52:00,931 [INFO] === Starting MyNAS backend services ===
2025-11-13 19:52:01,037 [INFO] ✅ Detected ZFS pools: {'config_pools': [{'name': 'tank', 'devices': ['sdb']}], 'zpool_list': [{'name': 'main', 'health': 'ONLINE'}], 'importable_pools': []}
2025-11-13 19:52:01,037 [INFO] Auto-registering RPC handlers...
2025-11-13 19:52:01,037 [WARNING] Module acl has no register_rpc()
2025-11-13 19:52:01,038 [WARNING] Module backup has no register_rpc()
2025-11-13 19:52:01,038 [WARNING] Module monitoring has no register_rpc()
2025-11-13 19:52:01,038 [ERROR] Failed to import RPC handler 'samba': No module named 'backend.ws_server'
2025-11-13 19:52:01,039 [WARNING] Module shares has no register_rpc()
2025-11-13 19:52:01,039 [INFO] RPC registered: storage (5 methods)
2025-11-13 19:52:01,039 [INFO] Loaded RPC module: storage
2025-11-13 19:52:01,040 [INFO] ✅ RPC handlers registered
2025-11-13 19:52:01,040 [INFO] ✅ WebSocket manager configured
2025-11-13 19:52:01,040 [INFO] === Backend startup complete ===
2025-11-13 19:56:04,717 [INFO] Initializing MyNAS backend system...
2025-11-13 19:56:04,723 [INFO] Auto-registering RPC handlers...
2025-11-13 19:56:04,726 [WARNING] Module acl has no register_rpc()
2025-11-13 19:56:04,728 [WARNING] Module backup has no register_rpc()
2025-11-13 19:56:04,729 [WARNING] Module monitoring has no register_rpc()
2025-11-13 19:56:04,730 [ERROR] Failed to import RPC handler 'samba': No module named 'backend.ws_server'
2025-11-13 19:56:04,733 [WARNING] Module shares has no register_rpc()
2025-11-13 19:56:04,743 [INFO] RPC registered: storage (5 methods)
2025-11-13 19:56:04,746 [INFO] Loaded RPC module: storage
2025-11-13 19:56:04,747 [INFO] RPC handlers registered successfully.
2025-11-13 19:56:04,748 [INFO] WebSocket manager registered.
2025-11-13 19:56:05,414 [INFO] === Starting MyNAS backend services ===
2025-11-13 19:56:05,572 [INFO] ✅ Detected ZFS pools: {'config_pools': [{'name': 'tank', 'devices': ['sdb']}], 'zpool_list': [{'name': 'main', 'health': 'ONLINE'}], 'importable_pools': []}
2025-11-13 19:56:05,572 [INFO] Auto-registering RPC handlers...
2025-11-13 19:56:05,573 [WARNING] Module acl has no register_rpc()
2025-11-13 19:56:05,573 [WARNING] Module backup has no register_rpc()
2025-11-13 19:56:05,573 [WARNING] Module monitoring has no register_rpc()
2025-11-13 19:56:05,573 [ERROR] Failed to import RPC handler 'samba': No module named 'backend.ws_server'
2025-11-13 19:56:05,578 [WARNING] Module shares has no register_rpc()
2025-11-13 19:56:05,578 [INFO] RPC registered: storage (5 methods)
2025-11-13 19:56:05,578 [INFO] Loaded RPC module: storage
2025-11-13 19:56:05,578 [INFO] ✅ RPC handlers registered
2025-11-13 19:56:05,579 [INFO] ✅ WebSocket manager configured
2025-11-13 19:56:05,581 [INFO] === Backend startup complete ===
2025-11-13 20:03:12,202 [INFO] Initializing MyNAS backend system...
2025-11-13 20:03:12,204 [INFO] Auto-registering RPC handlers...
2025-11-13 20:03:12,205 [WARNING] Module acl has no register_rpc()
2025-11-13 20:03:12,206 [WARNING] Module backup has no register_rpc()
2025-11-13 20:03:12,207 [WARNING] Module monitoring has no register_rpc()
2025-11-13 20:03:12,207 [ERROR] Failed to import RPC handler 'samba': No module named 'backend.ws_server'
2025-11-13 20:03:12,208 [WARNING] Module shares has no register_rpc()
2025-11-13 20:03:12,217 [INFO] RPC registered: storage (5 methods)
2025-11-13 20:03:12,217 [INFO] Loaded RPC module: storage
2025-11-13 20:03:12,217 [INFO] RPC handlers registered successfully.
2025-11-13 20:03:12,218 [INFO] WebSocket manager registered.
2025-11-13 20:03:12,355 [INFO] === Starting MyNAS backend services ===
2025-11-13 20:03:12,454 [INFO] ✅ Detected ZFS pools: {'config_pools': [{'name': 'tank', 'devices': ['sdb']}], 'zpool_list': [{'name': 'main', 'health': 'ONLINE'}], 'importable_pools': []}
2025-11-13 20:03:12,454 [INFO] Auto-registering RPC handlers...
2025-11-13 20:03:12,454 [WARNING] Module acl has no register_rpc()
2025-11-13 20:03:12,455 [WARNING] Module backup has no register_rpc()
2025-11-13 20:03:12,455 [WARNING] Module monitoring has no register_rpc()
2025-11-13 20:03:12,456 [ERROR] Failed to import RPC handler 'samba': No module named 'backend.ws_server'
2025-11-13 20:03:12,456 [WARNING] Module shares has no register_rpc()
2025-11-13 20:03:12,456 [INFO] RPC registered: storage (5 methods)
2025-11-13 20:03:12,457 [INFO] Loaded RPC module: storage
2025-11-13 20:03:12,457 [INFO] ✅ RPC handlers registered
2025-11-13 20:03:12,457 [INFO] ✅ WebSocket manager configured
2025-11-13 20:03:12,458 [INFO] === Backend startup complete ===
2025-11-13 20:09:14,997 [INFO] Initializing MyNAS backend system...
2025-11-13 20:09:15,000 [INFO] Auto-registering RPC handlers...
2025-11-13 20:09:15,004 [WARNING] Module acl has no register_rpc()
2025-11-13 20:09:15,005 [WARNING] Module backup has no register_rpc()
2025-11-13 20:09:15,006 [WARNING] Module monitoring has no register_rpc()
2025-11-13 20:09:15,009 [ERROR] Failed to import RPC handler 'samba': No module named 'backend.ws_server'
2025-11-13 20:09:15,010 [WARNING] Module shares has no register_rpc()
2025-11-13 20:09:15,027 [INFO] RPC registered: storage (5 methods)
2025-11-13 20:09:15,028 [INFO] Loaded RPC module: storage
2025-11-13 20:09:15,029 [INFO] RPC handlers registered successfully.
2025-11-13 20:09:15,029 [INFO] WebSocket manager registered.
2025-11-13 20:09:15,720 [INFO] === Starting MyNAS backend services ===
2025-11-13 20:09:16,410 [INFO] ✅ Detected ZFS pools: {'config_pools': [{'name': 'tank', 'devices': ['sdb']}], 'zpool_list': [{'name': 'main', 'health': 'ONLINE'}], 'importable_pools': []}
2025-11-13 20:09:16,410 [INFO] Auto-registering RPC handlers...
2025-11-13 20:09:16,411 [WARNING] Module acl has no register_rpc()
2025-11-13 20:09:16,411 [WARNING] Module backup has no register_rpc()
2025-11-13 20:09:16,411 [WARNING] Module monitoring has no register_rpc()
2025-11-13 20:09:16,411 [ERROR] Failed to import RPC handler 'samba': No module named 'backend.ws_server'
2025-11-13 20:09:16,412 [WARNING] Module shares has no register_rpc()
2025-11-13 20:09:16,413 [INFO] RPC registered: storage (5 methods)
2025-11-13 20:09:16,413 [INFO] Loaded RPC module: storage
2025-11-13 20:09:16,413 [INFO] ✅ RPC handlers registered
2025-11-13 20:09:16,413 [INFO] ✅ WebSocket manager configured
2025-11-13 20:09:16,413 [INFO] === Backend startup complete ===
2025-11-13 20:11:16,276 [INFO] Initializing MyNAS backend system...
2025-11-13 20:11:16,279 [INFO] Auto-registering RPC handlers...
2025-11-13 20:11:16,282 [WARNING] Module acl has no register_rpc()
2025-11-13 20:11:16,284 [WARNING] Module backup has no register_rpc()
2025-11-13 20:11:16,289 [WARNING] Module monitoring has no register_rpc()
2025-11-13 20:11:16,293 [ERROR] Failed to import RPC handler 'samba': No module named 'backend.ws_server'
2025-11-13 20:11:16,297 [WARNING] Module shares has no register_rpc()
2025-11-13 20:11:16,310 [INFO] RPC registered: storage (5 methods)
2025-11-13 20:11:16,312 [INFO] Loaded RPC module: storage
2025-11-13 20:11:16,312 [INFO] RPC handlers registered successfully.
2025-11-13 20:11:16,312 [INFO] WebSocket manager registered.
2025-11-13 20:11:16,527 [INFO] === Starting MyNAS backend services ===
2025-11-13 20:11:16,638 [INFO] ✅ Detected ZFS pools: {'config_pools': [{'name': 'tank', 'devices': ['sdb']}], 'zpool_list': [{'name': 'main', 'health': 'ONLINE'}], 'importable_pools': []}
2025-11-13 20:11:16,639 [INFO] Auto-registering RPC handlers...
2025-11-13 20:11:16,642 [WARNING] Module acl has no register_rpc()
2025-11-13 20:11:16,642 [WARNING] Module backup has no register_rpc()
2025-11-13 20:11:16,642 [WARNING] Module monitoring has no register_rpc()
2025-11-13 20:11:16,643 [ERROR] Failed to import RPC handler 'samba': No module named 'backend.ws_server'
2025-11-13 20:11:16,645 [WARNING] Module shares has no register_rpc()
2025-11-13 20:11:16,645 [INFO] RPC registered: storage (5 methods)
2025-11-13 20:11:16,645 [INFO] Loaded RPC module: storage
2025-11-13 20:11:16,645 [INFO] ✅ RPC handlers registered
2025-11-13 20:11:16,645 [INFO] ✅ WebSocket manager configured
2025-11-13 20:11:16,645 [INFO] === Backend startup complete ===
2025-11-13 20:17:20,473 [INFO] Initializing MyNAS backend system...
2025-11-13 20:17:20,474 [INFO] Auto-registering RPC handlers...
2025-11-13 20:17:20,475 [WARNING] Module acl has no register_rpc()
2025-11-13 20:17:20,475 [WARNING] Module backup has no register_rpc()
2025-11-13 20:17:20,476 [WARNING] Module monitoring has no register_rpc()
2025-11-13 20:17:20,477 [ERROR] Failed to import RPC handler 'samba': No module named 'backend.ws_server'
2025-11-13 20:17:20,478 [WARNING] Module shares has no register_rpc()
2025-11-13 20:17:20,485 [INFO] RPC registered: storage (5 methods)
2025-11-13 20:17:20,485 [INFO] Loaded RPC module: storage
2025-11-13 20:17:20,485 [INFO] RPC handlers registered successfully.
2025-11-13 20:17:20,485 [INFO] WebSocket manager registered.
2025-11-13 20:17:20,625 [INFO] === Starting MyNAS backend services ===
2025-11-13 20:17:20,756 [INFO] ✅ Detected ZFS pools: {'config_pools': [{'name': 'tank', 'devices': ['sdb']}], 'zpool_list': [{'name': 'main', 'health': 'ONLINE'}], 'importable_pools': []}
2025-11-13 20:17:20,756 [INFO] Auto-registering RPC handlers...
2025-11-13 20:17:20,757 [WARNING] Module acl has no register_rpc()
2025-11-13 20:17:20,757 [WARNING] Module backup has no register_rpc()
2025-11-13 20:17:20,757 [WARNING] Module monitoring has no register_rpc()
2025-11-13 20:17:20,759 [ERROR] Failed to import RPC handler 'samba': No module named 'backend.ws_server'
2025-11-13 20:17:20,759 [WARNING] Module shares has no register_rpc()
2025-11-13 20:17:20,759 [INFO] RPC registered: storage (5 methods)
2025-11-13 20:17:20,759 [INFO] Loaded RPC module: storage
2025-11-13 20:17:20,759 [INFO] ✅ RPC handlers registered
2025-11-13 20:17:20,760 [INFO] ✅ WebSocket manager configured
2025-11-13 20:17:20,760 [INFO] === Backend startup complete ===
2025-11-13 20:19:56,016 [INFO] Initializing MyNAS backend system...
2025-11-13 20:19:56,043 [INFO] Auto-registering RPC handlers...
2025-11-13 20:19:56,106 [WARNING] Module acl has no register_rpc()
2025-11-13 20:19:56,107 [WARNING] Module backup has no register_rpc()
2025-11-13 20:19:56,107 [WARNING] Module monitoring has no register_rpc()
2025-11-13 20:19:56,109 [ERROR] Failed to import RPC handler 'samba': No module named 'backend.ws_server'
2025-11-13 20:19:56,110 [WARNING] Module shares has no register_rpc()
2025-11-13 20:19:56,115 [INFO] RPC registered: storage (5 methods)
2025-11-13 20:19:56,116 [INFO] Loaded RPC module: storage
2025-11-13 20:19:56,116 [INFO] RPC handlers registered successfully.
2025-11-13 20:19:56,116 [INFO] WebSocket manager registered.
2025-11-13 20:20:02,724 [INFO] === Starting MyNAS backend services ===
2025-11-13 20:20:02,965 [INFO] ✅ Detected ZFS pools: {'config_pools': [{'name': 'tank', 'devices': ['sdb']}], 'zpool_list': [{'name': 'main', 'health': 'ONLINE'}], 'importable_pools': []}
2025-11-13 20:20:02,965 [INFO] Auto-registering RPC handlers...
2025-11-13 20:20:02,965 [WARNING] Module acl has no register_rpc()
2025-11-13 20:20:02,968 [WARNING] Module backup has no register_rpc()
2025-11-13 20:20:02,969 [WARNING] Module monitoring has no register_rpc()
2025-11-13 20:20:02,974 [ERROR] Failed to import RPC handler 'samba': No module named 'backend.ws_server'
2025-11-13 20:20:02,975 [WARNING] Module shares has no register_rpc()
2025-11-13 20:20:02,976 [INFO] RPC registered: storage (5 methods)
2025-11-13 20:20:02,979 [INFO] Loaded RPC module: storage
2025-11-13 20:20:02,983 [INFO] ✅ RPC handlers registered
2025-11-13 20:20:02,983 [INFO] ✅ WebSocket manager configured
2025-11-13 20:20:02,983 [INFO] === Backend startup complete ===
2025-11-13 20:48:17,182 [INFO] Initializing MyNAS backend system...
2025-11-13 20:48:17,183 [INFO] Auto-registering RPC handlers...
2025-11-13 20:48:17,185 [WARNING] Module acl has no register_rpc()
2025-11-13 20:48:17,193 [INFO] RPC registered: backup (4 methods)
2025-11-13 20:48:17,195 [INFO] Loaded RPC module: backup
2025-11-13 20:48:17,200 [INFO] RPC registered: monitoring (2 methods)
2025-11-13 20:48:17,200 [INFO] Loaded RPC module: monitoring
2025-11-13 20:48:17,203 [ERROR] Failed to import RPC handler 'samba': No module named 'backend.ws_server'
2025-11-13 20:48:17,208 [INFO] RPC registered: shares (5 methods)
2025-11-13 20:48:17,211 [INFO] Loaded RPC module: shares
2025-11-13 20:48:17,225 [INFO] RPC registered: storage (5 methods)
2025-11-13 20:48:17,226 [INFO] Loaded RPC module: storage
2025-11-13 20:48:17,226 [INFO] RPC handlers registered successfully.
2025-11-13 20:48:17,226 [INFO] WebSocket manager registered.
2025-11-13 20:48:17,377 [INFO] === Starting MyNAS backend services ===
2025-11-13 20:48:17,484 [INFO] ✅ Detected ZFS pools: {'config_pools': [{'name': 'tank', 'devices': ['sdb']}], 'zpool_list': [{'name': 'main', 'health': 'ONLINE'}], 'importable_pools': []}
2025-11-13 20:48:17,484 [INFO] Auto-registering RPC handlers...
2025-11-13 20:48:17,485 [WARNING] Module acl has no register_rpc()
2025-11-13 20:48:17,485 [INFO] RPC registered: backup (4 methods)
2025-11-13 20:48:17,485 [INFO] Loaded RPC module: backup
2025-11-13 20:48:17,485 [INFO] RPC registered: monitoring (2 methods)
2025-11-13 20:48:17,485 [INFO] Loaded RPC module: monitoring
2025-11-13 20:48:17,486 [ERROR] Failed to import RPC handler 'samba': No module named 'backend.ws_server'
2025-11-13 20:48:17,486 [INFO] RPC registered: shares (5 methods)
2025-11-13 20:48:17,486 [INFO] Loaded RPC module: shares
2025-11-13 20:48:17,486 [INFO] RPC registered: storage (5 methods)
2025-11-13 20:48:17,487 [INFO] Loaded RPC module: storage
2025-11-13 20:48:17,487 [INFO] ✅ RPC handlers registered
2025-11-13 20:48:17,487 [INFO] ✅ WebSocket manager configured
2025-11-13 20:48:17,487 [INFO] === Backend startup complete ===
2025-11-13 20:54:33,591 [INFO] Initializing MyNAS backend system...
2025-11-13 20:54:33,593 [INFO] Auto-registering RPC handlers...
2025-11-13 20:54:33,596 [WARNING] Module acl has no register_rpc()
2025-11-13 20:54:33,599 [INFO] RPC registered: backup (4 methods)
2025-11-13 20:54:33,599 [INFO] Loaded RPC module: backup
2025-11-13 20:54:33,601 [INFO] RPC registered: monitoring (2 methods)
2025-11-13 20:54:33,601 [INFO] Loaded RPC module: monitoring
2025-11-13 20:54:33,604 [ERROR] Failed to import RPC handler 'samba': No module named 'backend.ws_server'
2025-11-13 20:54:33,606 [INFO] RPC registered: shares (5 methods)
2025-11-13 20:54:33,606 [INFO] Loaded RPC module: shares
2025-11-13 20:54:33,619 [INFO] RPC registered: storage (5 methods)
2025-11-13 20:54:33,620 [INFO] Loaded RPC module: storage
2025-11-13 20:54:33,620 [INFO] RPC handlers registered successfully.
2025-11-13 20:54:33,620 [INFO] WebSocket manager registered.
2025-11-13 20:54:33,621 [INFO] MyNAS backend initialized successfully.
2025-11-13 20:54:33,831 [INFO] === Starting MyNAS backend services ===
2025-11-13 20:54:33,954 [INFO] ✅ Detected ZFS pools: {'config_pools': [{'name': 'tank', 'devices': ['sdb']}], 'zpool_list': [{'name': 'main', 'health': 'ONLINE'}], 'importable_pools': []}
2025-11-13 20:54:33,954 [INFO] Loaded 0 shares from config.
2025-11-13 20:54:33,963 [INFO] ✅ Shares loaded successfully.
2025-11-13 20:54:33,963 [INFO] Auto-registering RPC handlers...
2025-11-13 20:54:33,963 [WARNING] Module acl has no register_rpc()
2025-11-13 20:54:33,963 [INFO] RPC registered: backup (4 methods)
2025-11-13 20:54:33,963 [INFO] Loaded RPC module: backup
2025-11-13 20:54:33,966 [INFO] RPC registered: monitoring (2 methods)
2025-11-13 20:54:33,966 [INFO] Loaded RPC module: monitoring
2025-11-13 20:54:33,967 [ERROR] Failed to import RPC handler 'samba': No module named 'backend.ws_server'
2025-11-13 20:54:33,967 [INFO] RPC registered: shares (5 methods)
2025-11-13 20:54:33,967 [INFO] Loaded RPC module: shares
2025-11-13 20:54:33,967 [INFO] RPC registered: storage (5 methods)
2025-11-13 20:54:33,967 [INFO] Loaded RPC module: storage
2025-11-13 20:54:33,968 [INFO] ✅ RPC handlers registered
2025-11-13 20:54:33,968 [INFO] ✅ WebSocket manager configured
2025-11-13 20:54:33,968 [INFO] === Backend startup complete ===
2025-11-13 21:27:35,142 [INFO] Initializing MyNAS backend system...
2025-11-13 21:27:35,144 [INFO] Auto-registering RPC handlers...
2025-11-13 21:27:35,145 [WARNING] Module acl has no register_rpc()
2025-11-13 21:27:35,145 [INFO] RPC registered: backup (4 methods)
2025-11-13 21:27:35,145 [INFO] Loaded RPC module: backup
2025-11-13 21:27:35,146 [INFO] RPC registered: monitoring (2 methods)
2025-11-13 21:27:35,146 [INFO] Loaded RPC module: monitoring
2025-11-13 21:27:35,148 [ERROR] Failed to import RPC handler 'samba': No module named 'backend.ws_server'
2025-11-13 21:27:35,148 [INFO] RPC registered: shares (5 methods)
2025-11-13 21:27:35,148 [INFO] Loaded RPC module: shares
2025-11-13 21:27:35,156 [INFO] RPC registered: storage (5 methods)
2025-11-13 21:27:35,157 [INFO] Loaded RPC module: storage
2025-11-13 21:27:35,157 [INFO] RPC handlers registered successfully.
2025-11-13 21:27:35,157 [INFO] WebSocket manager registered.
2025-11-13 21:27:35,158 [INFO] MyNAS backend initialized successfully.
2025-11-13 21:27:35,294 [INFO] === Starting MyNAS backend services ===
2025-11-13 21:27:35,399 [INFO] ✅ Detected ZFS pools: {'config_pools': [{'name': 'tank', 'devices': ['sdb']}], 'zpool_list': [{'name': 'main', 'health': 'ONLINE'}], 'importable_pools': []}
2025-11-13 21:27:35,399 [INFO] Loaded 0 shares from config.
2025-11-13 21:27:35,401 [INFO] ✅ Shares loaded successfully.
2025-11-13 21:27:35,401 [INFO] Auto-registering RPC handlers...
2025-11-13 21:27:35,401 [WARNING] Module acl has no register_rpc()
2025-11-13 21:27:35,401 [INFO] RPC registered: backup (4 methods)
2025-11-13 21:27:35,402 [INFO] Loaded RPC module: backup
2025-11-13 21:27:35,402 [INFO] RPC registered: monitoring (2 methods)
2025-11-13 21:27:35,402 [INFO] Loaded RPC module: monitoring
2025-11-13 21:27:35,402 [ERROR] Failed to import RPC handler 'samba': No module named 'backend.ws_server'
2025-11-13 21:27:35,403 [INFO] RPC registered: shares (5 methods)
2025-11-13 21:27:35,403 [INFO] Loaded RPC module: shares
2025-11-13 21:27:35,403 [INFO] RPC registered: storage (5 methods)
2025-11-13 21:27:35,404 [INFO] Loaded RPC module: storage
2025-11-13 21:27:35,404 [INFO] ✅ RPC handlers registered
2025-11-13 21:27:35,404 [INFO] ✅ WebSocket manager configured
2025-11-13 21:27:35,404 [INFO] === Backend startup complete ===
2025-11-13 22:59:40,772 [INFO] Initializing MyNAS backend system...
2025-11-13 22:59:40,775 [INFO] Auto-registering RPC handlers...
2025-11-13 22:59:40,776 [INFO] RPC registered: acl (3 methods)
2025-11-13 22:59:40,776 [INFO] Loaded RPC module: acl
2025-11-13 22:59:40,776 [INFO] RPC registered: backup (4 methods)
2025-11-13 22:59:40,776 [INFO] Loaded RPC module: backup
2025-11-13 22:59:40,776 [INFO] RPC registered: monitoring (1 methods)
2025-11-13 22:59:40,777 [INFO] Loaded RPC module: monitoring
2025-11-13 22:59:40,777 [ERROR] Failed to import RPC handler 'network': cannot import name 'read_json' from 'storage' (/root/mynas/backend/storage/__init__.py)
2025-11-13 22:59:40,780 [INFO] RPC registered: nfs (2 methods)
2025-11-13 22:59:40,780 [INFO] Loaded RPC module: nfs
2025-11-13 22:59:40,780 [INFO] RPC registered: samba (2 methods)
2025-11-13 22:59:40,780 [INFO] Loaded RPC module: samba
2025-11-13 22:59:40,781 [INFO] RPC registered: shares (5 methods)
2025-11-13 22:59:40,781 [INFO] Loaded RPC module: shares
2025-11-13 22:59:40,787 [INFO] RPC registered: storage (5 methods)
2025-11-13 22:59:40,788 [INFO] Loaded RPC module: storage
2025-11-13 22:59:40,788 [WARNING] Module system has no register_rpc()
2025-11-13 22:59:40,789 [INFO] RPC handlers registered successfully.
2025-11-13 22:59:40,789 [INFO] WebSocket manager registered.
2025-11-13 22:59:40,789 [INFO] MyNAS backend initialized successfully.
2025-11-13 22:59:40,902 [INFO] === Starting MyNAS backend services ===
2025-11-13 22:59:40,995 [INFO] ✅ Detected ZFS pools: {'config_pools': [{'name': 'tank', 'devices': ['sdb']}], 'zpool_list': [{'name': 'main', 'health': 'ONLINE'}], 'importable_pools': []}
2025-11-13 22:59:40,995 [INFO] Loaded 0 shares from config.
2025-11-13 22:59:40,996 [INFO] ✅ Shares loaded successfully.
2025-11-13 22:59:40,996 [INFO] Auto-registering RPC handlers...
2025-11-13 22:59:40,997 [INFO] RPC registered: acl (3 methods)
2025-11-13 22:59:40,997 [INFO] Loaded RPC module: acl
2025-11-13 22:59:40,997 [INFO] RPC registered: backup (4 methods)
2025-11-13 22:59:40,997 [INFO] Loaded RPC module: backup
2025-11-13 22:59:40,997 [INFO] RPC registered: monitoring (1 methods)
2025-11-13 22:59:40,997 [INFO] Loaded RPC module: monitoring
2025-11-13 22:59:40,998 [ERROR] Failed to import RPC handler 'network': cannot import name 'read_json' from 'storage' (/root/mynas/backend/storage/__init__.py)
2025-11-13 22:59:40,998 [INFO] RPC registered: nfs (2 methods)
2025-11-13 22:59:40,998 [INFO] Loaded RPC module: nfs
2025-11-13 22:59:40,998 [INFO] RPC registered: samba (2 methods)
2025-11-13 22:59:40,998 [INFO] Loaded RPC module: samba
2025-11-13 22:59:40,998 [INFO] RPC registered: shares (5 methods)
2025-11-13 22:59:40,998 [INFO] Loaded RPC module: shares
2025-11-13 22:59:40,998 [INFO] RPC registered: storage (5 methods)
2025-11-13 22:59:40,998 [INFO] Loaded RPC module: storage
2025-11-13 22:59:40,999 [WARNING] Module system has no register_rpc()
2025-11-13 22:59:40,999 [INFO] ✅ RPC handlers registered
2025-11-13 22:59:40,999 [INFO] ✅ WebSocket manager configured
2025-11-13 22:59:40,999 [INFO] === Backend startup complete ===
2025-11-13 23:07:58,226 [INFO] Initializing MyNAS backend system...
2025-11-13 23:07:58,227 [INFO] Auto-registering RPC handlers...
2025-11-13 23:07:58,228 [INFO] RPC registered: acl (3 methods)
2025-11-13 23:07:58,228 [INFO] Loaded RPC module: acl
2025-11-13 23:07:58,228 [INFO] RPC registered: backup (4 methods)
2025-11-13 23:07:58,229 [INFO] Loaded RPC module: backup
2025-11-13 23:07:58,229 [INFO] RPC registered: monitoring (1 methods)
2025-11-13 23:07:58,229 [INFO] Loaded RPC module: monitoring
2025-11-13 23:07:58,231 [ERROR] Failed to import RPC handler 'network': cannot import name 'read_json' from 'storage' (/root/mynas/backend/storage/__init__.py)
2025-11-13 23:07:58,232 [INFO] RPC registered: nfs (2 methods)
2025-11-13 23:07:58,232 [INFO] Loaded RPC module: nfs
2025-11-13 23:07:58,233 [INFO] RPC registered: samba (2 methods)
2025-11-13 23:07:58,233 [INFO] Loaded RPC module: samba
2025-11-13 23:07:58,234 [INFO] RPC registered: shares (5 methods)
2025-11-13 23:07:58,234 [INFO] Loaded RPC module: shares
2025-11-13 23:07:58,240 [INFO] RPC registered: storage (5 methods)
2025-11-13 23:07:58,240 [INFO] Loaded RPC module: storage
2025-11-13 23:07:58,241 [WARNING] Module system has no register_rpc()
2025-11-13 23:07:58,241 [INFO] RPC handlers registered successfully.
2025-11-13 23:07:58,241 [INFO] WebSocket manager registered.
2025-11-13 23:07:58,241 [INFO] MyNAS backend initialized successfully.
2025-11-13 23:07:58,370 [INFO] === Starting MyNAS backend services ===
2025-11-13 23:07:58,477 [INFO] ✅ Detected ZFS pools: {'config_pools': [{'name': 'tank', 'devices': ['sdb']}], 'zpool_list': [{'name': 'main', 'health': 'ONLINE'}], 'importable_pools': []}
2025-11-13 23:07:58,478 [INFO] Loaded 0 shares from config.
2025-11-13 23:07:58,479 [INFO] ✅ Shares loaded successfully.
2025-11-13 23:07:58,479 [INFO] Auto-registering RPC handlers...
2025-11-13 23:07:58,480 [INFO] RPC registered: acl (3 methods)
2025-11-13 23:07:58,480 [INFO] Loaded RPC module: acl
2025-11-13 23:07:58,480 [INFO] RPC registered: backup (4 methods)
2025-11-13 23:07:58,481 [INFO] Loaded RPC module: backup
2025-11-13 23:07:58,481 [INFO] RPC registered: monitoring (1 methods)
2025-11-13 23:07:58,481 [INFO] Loaded RPC module: monitoring
2025-11-13 23:07:58,481 [ERROR] Failed to import RPC handler 'network': cannot import name 'read_json' from 'storage' (/root/mynas/backend/storage/__init__.py)
2025-11-13 23:07:58,482 [INFO] RPC registered: nfs (2 methods)
2025-11-13 23:07:58,482 [INFO] Loaded RPC module: nfs
2025-11-13 23:07:58,482 [INFO] RPC registered: samba (2 methods)
2025-11-13 23:07:58,482 [INFO] Loaded RPC module: samba
2025-11-13 23:07:58,483 [INFO] RPC registered: shares (5 methods)
2025-11-13 23:07:58,483 [INFO] Loaded RPC module: shares
2025-11-13 23:07:58,483 [INFO] RPC registered: storage (5 methods)
2025-11-13 23:07:58,483 [INFO] Loaded RPC module: storage
2025-11-13 23:07:58,483 [WARNING] Module system has no register_rpc()
2025-11-13 23:07:58,484 [INFO] ✅ RPC handlers registered
2025-11-13 23:07:58,484 [INFO] ✅ WebSocket manager configured
2025-11-13 23:07:58,484 [INFO] === Backend startup complete ===
2025-11-13 23:12:28,381 [INFO] Initializing MyNAS backend system...
2025-11-13 23:12:28,383 [INFO] Auto-registering RPC handlers...
2025-11-13 23:12:28,385 [INFO] RPC registered: acl (3 methods)
2025-11-13 23:12:28,387 [INFO] Loaded RPC module: acl
2025-11-13 23:12:28,387 [INFO] RPC registered: backup (4 methods)
2025-11-13 23:12:28,388 [INFO] Loaded RPC module: backup
2025-11-13 23:12:28,389 [INFO] RPC registered: monitoring (1 methods)
2025-11-13 23:12:28,390 [INFO] Loaded RPC module: monitoring
2025-11-13 23:12:28,392 [ERROR] Failed to import RPC handler 'network': cannot import name 'read_json' from 'storage' (/root/mynas/backend/storage/__init__.py)
2025-11-13 23:12:28,394 [INFO] RPC registered: nfs (2 methods)
2025-11-13 23:12:28,395 [INFO] Loaded RPC module: nfs
2025-11-13 23:12:28,397 [INFO] RPC registered: samba (2 methods)
2025-11-13 23:12:28,398 [INFO] Loaded RPC module: samba
2025-11-13 23:12:28,400 [INFO] RPC registered: shares (5 methods)
2025-11-13 23:12:28,400 [INFO] Loaded RPC module: shares
2025-11-13 23:12:28,406 [INFO] RPC registered: storage (5 methods)
2025-11-13 23:12:28,408 [INFO] Loaded RPC module: storage
2025-11-13 23:12:28,409 [WARNING] Module system has no register_rpc()
2025-11-13 23:12:28,410 [INFO] RPC handlers registered successfully.
2025-11-13 23:12:28,411 [INFO] WebSocket manager registered.
2025-11-13 23:12:28,411 [INFO] MyNAS backend initialized successfully.
2025-11-13 23:12:28,551 [INFO] === Starting MyNAS backend services ===
2025-11-13 23:12:28,667 [INFO] ✅ Detected ZFS pools: {'config_pools': [{'name': 'tank', 'devices': ['sdb']}], 'zpool_list': [{'name': 'main', 'health': 'ONLINE'}], 'importable_pools': []}
2025-11-13 23:12:28,667 [INFO] Loaded 0 shares from config.
2025-11-13 23:12:28,669 [INFO] ✅ Shares loaded successfully.
2025-11-13 23:12:28,669 [INFO] Auto-registering RPC handlers...
2025-11-13 23:12:28,669 [INFO] RPC registered: acl (3 methods)
2025-11-13 23:12:28,669 [INFO] Loaded RPC module: acl
2025-11-13 23:12:28,670 [INFO] RPC registered: backup (4 methods)
2025-11-13 23:12:28,671 [INFO] Loaded RPC module: backup
2025-11-13 23:12:28,671 [INFO] RPC registered: monitoring (1 methods)
2025-11-13 23:12:28,671 [INFO] Loaded RPC module: monitoring
2025-11-13 23:12:28,672 [ERROR] Failed to import RPC handler 'network': cannot import name 'read_json' from 'storage' (/root/mynas/backend/storage/__init__.py)
2025-11-13 23:12:28,672 [INFO] RPC registered: nfs (2 methods)
2025-11-13 23:12:28,672 [INFO] Loaded RPC module: nfs
2025-11-13 23:12:28,673 [INFO] RPC registered: samba (2 methods)
2025-11-13 23:12:28,674 [INFO] Loaded RPC module: samba
2025-11-13 23:12:28,674 [INFO] RPC registered: shares (5 methods)
2025-11-13 23:12:28,675 [INFO] Loaded RPC module: shares
2025-11-13 23:12:28,675 [INFO] RPC registered: storage (5 methods)
2025-11-13 23:12:28,676 [INFO] Loaded RPC module: storage
2025-11-13 23:12:28,676 [WARNING] Module system has no register_rpc()
2025-11-13 23:12:28,677 [INFO] ✅ RPC handlers registered
2025-11-13 23:12:28,677 [INFO] ✅ WebSocket manager configured
2025-11-13 23:12:28,678 [INFO] === Backend startup complete ===
2025-11-13 23:20:06,649 [INFO] Initializing MyNAS backend system...
2025-11-13 23:20:06,650 [INFO] Auto-registering RPC handlers...
2025-11-13 23:20:06,652 [INFO] RPC registered: acl (3 methods)
2025-11-13 23:20:06,652 [INFO] Loaded RPC module: acl
2025-11-13 23:20:06,652 [INFO] RPC registered: backup (4 methods)
2025-11-13 23:20:06,653 [INFO] Loaded RPC module: backup
2025-11-13 23:20:06,653 [INFO] RPC registered: monitoring (1 methods)
2025-11-13 23:20:06,654 [INFO] Loaded RPC module: monitoring
2025-11-13 23:20:06,656 [ERROR] Failed to import RPC handler 'network': cannot import name 'read_json' from 'storage' (/root/mynas/backend/storage/__init__.py)
2025-11-13 23:20:06,659 [INFO] RPC registered: nfs (2 methods)
2025-11-13 23:20:06,659 [INFO] Loaded RPC module: nfs
2025-11-13 23:20:06,660 [INFO] RPC registered: samba (2 methods)
2025-11-13 23:20:06,660 [INFO] Loaded RPC module: samba
2025-11-13 23:20:06,660 [INFO] RPC registered: shares (5 methods)
2025-11-13 23:20:06,660 [INFO] Loaded RPC module: shares
2025-11-13 23:20:06,667 [INFO] RPC registered: storage (5 methods)
2025-11-13 23:20:06,667 [INFO] Loaded RPC module: storage
2025-11-13 23:20:06,668 [WARNING] Module system has no register_rpc()
2025-11-13 23:20:06,668 [INFO] RPC handlers registered successfully.
2025-11-13 23:20:06,668 [INFO] WebSocket manager registered.
2025-11-13 23:20:06,668 [INFO] MyNAS backend initialized successfully.
2025-11-13 23:20:06,824 [INFO] === Starting MyNAS backend services ===
2025-11-13 23:20:06,969 [INFO] ✅ Detected ZFS pools: {'config_pools': [{'name': 'tank', 'devices': ['sdb']}], 'zpool_list': [{'name': 'main', 'health': 'ONLINE'}], 'importable_pools': []}
2025-11-13 23:20:06,969 [INFO] Loaded 0 shares from config.
2025-11-13 23:20:06,975 [INFO] ✅ Shares loaded successfully.
2025-11-13 23:20:06,975 [INFO] Auto-registering RPC handlers...
2025-11-13 23:20:06,975 [INFO] RPC registered: acl (3 methods)
2025-11-13 23:20:06,976 [INFO] Loaded RPC module: acl
2025-11-13 23:20:06,976 [INFO] RPC registered: backup (4 methods)
2025-11-13 23:20:06,976 [INFO] Loaded RPC module: backup
2025-11-13 23:20:06,976 [INFO] RPC registered: monitoring (1 methods)
2025-11-13 23:20:06,976 [INFO] Loaded RPC module: monitoring
2025-11-13 23:20:06,978 [ERROR] Failed to import RPC handler 'network': cannot import name 'read_json' from 'storage' (/root/mynas/backend/storage/__init__.py)
2025-11-13 23:20:06,981 [INFO] RPC registered: nfs (2 methods)
2025-11-13 23:20:06,981 [INFO] Loaded RPC module: nfs
2025-11-13 23:20:06,983 [INFO] RPC registered: samba (2 methods)
2025-11-13 23:20:06,983 [INFO] Loaded RPC module: samba
2025-11-13 23:20:06,983 [INFO] RPC registered: shares (5 methods)
2025-11-13 23:20:06,983 [INFO] Loaded RPC module: shares
2025-11-13 23:20:06,983 [INFO] RPC registered: storage (5 methods)
2025-11-13 23:20:06,983 [INFO] Loaded RPC module: storage
2025-11-13 23:20:06,983 [WARNING] Module system has no register_rpc()
2025-11-13 23:20:06,983 [INFO] ✅ RPC handlers registered
2025-11-13 23:20:06,983 [INFO] ✅ WebSocket manager configured
2025-11-13 23:20:06,983 [INFO] === Backend startup complete ===
2025-11-13 23:22:10,783 [INFO] Initializing MyNAS backend system...
2025-11-13 23:22:10,784 [INFO] Auto-registering RPC handlers...
2025-11-13 23:22:10,786 [INFO] RPC registered: acl (3 methods)
2025-11-13 23:22:10,788 [INFO] Loaded RPC module: acl
2025-11-13 23:22:10,791 [INFO] RPC registered: backup (4 methods)
2025-11-13 23:22:10,792 [INFO] Loaded RPC module: backup
2025-11-13 23:22:10,792 [INFO] RPC registered: monitoring (1 methods)
2025-11-13 23:22:10,793 [INFO] Loaded RPC module: monitoring
2025-11-13 23:22:10,795 [ERROR] Failed to import RPC handler 'network': cannot import name 'read_json' from 'storage' (/root/mynas/backend/storage/__init__.py)
2025-11-13 23:22:10,800 [INFO] RPC registered: nfs (2 methods)
2025-11-13 23:22:10,801 [INFO] Loaded RPC module: nfs
2025-11-13 23:22:10,802 [INFO] RPC registered: samba (2 methods)
2025-11-13 23:22:10,803 [INFO] Loaded RPC module: samba
2025-11-13 23:22:10,812 [INFO] RPC registered: shares (5 methods)
2025-11-13 23:22:10,814 [INFO] Loaded RPC module: shares
2025-11-13 23:22:10,823 [INFO] RPC registered: storage (5 methods)
2025-11-13 23:22:10,824 [INFO] Loaded RPC module: storage
2025-11-13 23:22:10,825 [WARNING] Module system has no register_rpc()
2025-11-13 23:22:10,825 [INFO] RPC handlers registered successfully.
2025-11-13 23:22:10,826 [INFO] WebSocket manager registered.
2025-11-13 23:22:10,826 [INFO] MyNAS backend initialized successfully.
2025-11-13 23:22:10,985 [INFO] === Starting MyNAS backend services ===
2025-11-13 23:22:11,095 [INFO] ✅ Detected ZFS pools: {'config_pools': [{'name': 'tank', 'devices': ['sdb']}], 'zpool_list': [{'name': 'main', 'health': 'ONLINE'}], 'importable_pools': []}
2025-11-13 23:22:11,097 [INFO] Loaded 0 shares from config.
2025-11-13 23:22:11,103 [INFO] ✅ Shares loaded successfully.
2025-11-13 23:22:11,104 [INFO] Auto-registering RPC handlers...
2025-11-13 23:22:11,105 [INFO] RPC registered: acl (3 methods)
2025-11-13 23:22:11,105 [INFO] Loaded RPC module: acl
2025-11-13 23:22:11,106 [INFO] RPC registered: backup (4 methods)
2025-11-13 23:22:11,107 [INFO] Loaded RPC module: backup
2025-11-13 23:22:11,108 [INFO] RPC registered: monitoring (1 methods)
2025-11-13 23:22:11,108 [INFO] Loaded RPC module: monitoring
2025-11-13 23:22:11,110 [ERROR] Failed to import RPC handler 'network': cannot import name 'read_json' from 'storage' (/root/mynas/backend/storage/__init__.py)
2025-11-13 23:22:11,112 [INFO] RPC registered: nfs (2 methods)
2025-11-13 23:22:11,113 [INFO] Loaded RPC module: nfs
2025-11-13 23:22:11,113 [INFO] RPC registered: samba (2 methods)
2025-11-13 23:22:11,113 [INFO] Loaded RPC module: samba
2025-11-13 23:22:11,113 [INFO] RPC registered: shares (5 methods)
2025-11-13 23:22:11,113 [INFO] Loaded RPC module: shares
2025-11-13 23:22:11,115 [INFO] RPC registered: storage (5 methods)
2025-11-13 23:22:11,116 [INFO] Loaded RPC module: storage
2025-11-13 23:22:11,116 [WARNING] Module system has no register_rpc()
2025-11-13 23:22:11,117 [INFO] ✅ RPC handlers registered
2025-11-13 23:22:11,118 [INFO] ✅ WebSocket manager configured
2025-11-13 23:22:11,119 [INFO] === Backend startup complete ===
2025-11-13 23:26:39,414 [INFO] Initializing MyNAS backend system...
2025-11-13 23:26:39,414 [INFO] Auto-registering RPC handlers...
2025-11-13 23:26:39,415 [INFO] RPC registered: acl (3 methods)
2025-11-13 23:26:39,418 [INFO] Loaded RPC module: acl
2025-11-13 23:26:39,420 [INFO] RPC registered: backup (4 methods)
2025-11-13 23:26:39,420 [INFO] Loaded RPC module: backup
2025-11-13 23:26:39,421 [INFO] RPC registered: monitoring (1 methods)
2025-11-13 23:26:39,423 [INFO] Loaded RPC module: monitoring
2025-11-13 23:26:39,429 [ERROR] Failed to import RPC handler 'network': cannot import name 'read_json' from 'storage' (/root/mynas/backend/storage/__init__.py)
2025-11-13 23:26:39,434 [INFO] RPC registered: nfs (2 methods)
2025-11-13 23:26:39,438 [INFO] Loaded RPC module: nfs
2025-11-13 23:26:39,438 [INFO] RPC registered: samba (2 methods)
2025-11-13 23:26:39,440 [INFO] Loaded RPC module: samba
2025-11-13 23:26:39,442 [INFO] RPC registered: shares (5 methods)
2025-11-13 23:26:39,444 [INFO] Loaded RPC module: shares
2025-11-13 23:26:39,456 [INFO] RPC registered: storage (5 methods)
2025-11-13 23:26:39,458 [INFO] Loaded RPC module: storage
2025-11-13 23:26:39,459 [WARNING] Module system has no register_rpc()
2025-11-13 23:26:39,460 [INFO] RPC handlers registered successfully.
2025-11-13 23:26:39,461 [INFO] WebSocket manager registered.
2025-11-13 23:26:39,462 [INFO] MyNAS backend initialized successfully.
2025-11-13 23:26:39,599 [INFO] === Starting MyNAS backend services ===
2025-11-13 23:26:39,702 [INFO] ✅ Detected ZFS pools: {'config_pools': [{'name': 'tank', 'devices': ['sdb']}], 'zpool_list': [{'name': 'main', 'health': 'ONLINE'}], 'importable_pools': []}
2025-11-13 23:26:39,703 [INFO] Loaded 0 shares from config.
2025-11-13 23:26:39,704 [INFO] ✅ Shares loaded successfully.
2025-11-13 23:26:39,704 [INFO] Auto-registering RPC handlers...
2025-11-13 23:26:39,704 [INFO] RPC registered: acl (3 methods)
2025-11-13 23:26:39,704 [INFO] Loaded RPC module: acl
2025-11-13 23:26:39,705 [INFO] RPC registered: backup (4 methods)
2025-11-13 23:26:39,705 [INFO] Loaded RPC module: backup
2025-11-13 23:26:39,705 [INFO] RPC registered: monitoring (1 methods)
2025-11-13 23:26:39,706 [INFO] Loaded RPC module: monitoring
2025-11-13 23:26:39,706 [ERROR] Failed to import RPC handler 'network': cannot import name 'read_json' from 'storage' (/root/mynas/backend/storage/__init__.py)
2025-11-13 23:26:39,707 [INFO] RPC registered: nfs (2 methods)
2025-11-13 23:26:39,707 [INFO] Loaded RPC module: nfs
2025-11-13 23:26:39,707 [INFO] RPC registered: samba (2 methods)
2025-11-13 23:26:39,708 [INFO] Loaded RPC module: samba
2025-11-13 23:26:39,708 [INFO] RPC registered: shares (5 methods)
2025-11-13 23:26:39,708 [INFO] Loaded RPC module: shares
2025-11-13 23:26:39,709 [INFO] RPC registered: storage (5 methods)
2025-11-13 23:26:39,709 [INFO] Loaded RPC module: storage
2025-11-13 23:26:39,709 [WARNING] Module system has no register_rpc()
2025-11-13 23:26:39,709 [INFO] ✅ RPC handlers registered
2025-11-13 23:26:39,709 [INFO] ✅ WebSocket manager configured
2025-11-13 23:26:39,709 [INFO] === Backend startup complete ===
2025-11-13 23:28:55,921 [INFO] Initializing MyNAS backend system...
2025-11-13 23:28:55,921 [INFO] Auto-registering RPC handlers...
2025-11-13 23:28:55,922 [INFO] RPC registered: acl (3 methods)
2025-11-13 23:28:55,922 [INFO] Loaded RPC module: acl
2025-11-13 23:28:55,922 [INFO] RPC registered: backup (4 methods)
2025-11-13 23:28:55,922 [INFO] Loaded RPC module: backup
2025-11-13 23:28:55,923 [INFO] RPC registered: monitoring (1 methods)
2025-11-13 23:28:55,923 [INFO] Loaded RPC module: monitoring
2025-11-13 23:28:55,924 [ERROR] Failed to import RPC handler 'network': cannot import name 'read_json' from 'storage' (/root/mynas/backend/storage/__init__.py)
2025-11-13 23:28:55,926 [INFO] RPC registered: nfs (2 methods)
2025-11-13 23:28:55,927 [INFO] Loaded RPC module: nfs
2025-11-13 23:28:55,928 [INFO] RPC registered: samba (2 methods)
2025-11-13 23:28:55,931 [INFO] Loaded RPC module: samba
2025-11-13 23:28:55,931 [INFO] RPC registered: shares (5 methods)
2025-11-13 23:28:55,932 [INFO] Loaded RPC module: shares
2025-11-13 23:28:55,945 [INFO] RPC registered: storage (5 methods)
2025-11-13 23:28:55,945 [INFO] Loaded RPC module: storage
2025-11-13 23:28:55,947 [WARNING] Module system has no register_rpc()
2025-11-13 23:28:55,947 [INFO] RPC handlers registered successfully.
2025-11-13 23:28:55,947 [INFO] WebSocket manager registered.
2025-11-13 23:28:55,947 [INFO] MyNAS backend initialized successfully.
2025-11-13 23:28:56,129 [INFO] === Starting MyNAS backend services ===
2025-11-13 23:28:56,227 [INFO] ✅ Detected ZFS pools: {'config_pools': [{'name': 'tank', 'devices': ['sdb']}], 'zpool_list': [{'name': 'main', 'health': 'ONLINE'}], 'importable_pools': []}
2025-11-13 23:28:56,227 [INFO] Loaded 0 shares from config.
2025-11-13 23:28:56,229 [INFO] ✅ Shares loaded successfully.
2025-11-13 23:28:56,230 [INFO] Auto-registering RPC handlers...
2025-11-13 23:28:56,230 [INFO] RPC registered: acl (3 methods)
2025-11-13 23:28:56,230 [INFO] Loaded RPC module: acl
2025-11-13 23:28:56,230 [INFO] RPC registered: backup (4 methods)
2025-11-13 23:28:56,231 [INFO] Loaded RPC module: backup
2025-11-13 23:28:56,231 [INFO] RPC registered: monitoring (1 methods)
2025-11-13 23:28:56,231 [INFO] Loaded RPC module: monitoring
2025-11-13 23:28:56,233 [ERROR] Failed to import RPC handler 'network': cannot import name 'read_json' from 'storage' (/root/mynas/backend/storage/__init__.py)
2025-11-13 23:28:56,234 [INFO] RPC registered: nfs (2 methods)
2025-11-13 23:28:56,234 [INFO] Loaded RPC module: nfs
2025-11-13 23:28:56,235 [INFO] RPC registered: samba (2 methods)
2025-11-13 23:28:56,235 [INFO] Loaded RPC module: samba
2025-11-13 23:28:56,235 [INFO] RPC registered: shares (5 methods)
2025-11-13 23:28:56,235 [INFO] Loaded RPC module: shares
2025-11-13 23:28:56,235 [INFO] RPC registered: storage (5 methods)
2025-11-13 23:28:56,235 [INFO] Loaded RPC module: storage
2025-11-13 23:28:56,235 [WARNING] Module system has no register_rpc()
2025-11-13 23:28:56,235 [INFO] ✅ RPC handlers registered
2025-11-13 23:28:56,235 [INFO] ✅ WebSocket manager configured
2025-11-13 23:28:56,235 [INFO] === Backend startup complete ===
2025-11-13 23:31:38,333 [INFO] Initializing MyNAS backend system...
2025-11-13 23:31:38,334 [INFO] Auto-registering RPC handlers...
2025-11-13 23:31:38,335 [INFO] RPC registered: acl (3 methods)
2025-11-13 23:31:38,335 [INFO] Loaded RPC module: acl
2025-11-13 23:31:38,336 [INFO] RPC registered: backup (4 methods)
2025-11-13 23:31:38,336 [INFO] Loaded RPC module: backup
2025-11-13 23:31:38,336 [INFO] RPC registered: monitoring (1 methods)
2025-11-13 23:31:38,336 [INFO] Loaded RPC module: monitoring
2025-11-13 23:31:38,339 [ERROR] Failed to import RPC handler 'network': cannot import name 'read_json' from 'storage' (/root/mynas/backend/storage/__init__.py)
2025-11-13 23:31:38,341 [INFO] RPC registered: nfs (2 methods)
2025-11-13 23:31:38,343 [INFO] Loaded RPC module: nfs
2025-11-13 23:31:38,345 [INFO] RPC registered: samba (2 methods)
2025-11-13 23:31:38,345 [INFO] Loaded RPC module: samba
2025-11-13 23:31:38,347 [INFO] RPC registered: shares (5 methods)
2025-11-13 23:31:38,348 [INFO] Loaded RPC module: shares
2025-11-13 23:31:38,360 [INFO] RPC registered: storage (5 methods)
2025-11-13 23:31:38,360 [INFO] Loaded RPC module: storage
2025-11-13 23:31:38,361 [WARNING] Module system has no register_rpc()
2025-11-13 23:31:38,362 [INFO] RPC handlers registered successfully.
2025-11-13 23:31:38,362 [INFO] WebSocket manager registered.
2025-11-13 23:31:38,363 [INFO] MyNAS backend initialized successfully.
2025-11-13 23:31:38,497 [INFO] === Starting MyNAS backend services ===
2025-11-13 23:31:38,602 [INFO] ✅ Detected ZFS pools: {'config_pools': [{'name': 'tank', 'devices': ['sdb']}], 'zpool_list': [{'name': 'main', 'health': 'ONLINE'}], 'importable_pools': []}
2025-11-13 23:31:38,614 [INFO] Loaded 0 shares from config.
2025-11-13 23:31:38,625 [INFO] ✅ Shares loaded successfully.
2025-11-13 23:31:38,627 [INFO] Auto-registering RPC handlers...
2025-11-13 23:31:38,628 [INFO] RPC registered: acl (3 methods)
2025-11-13 23:31:38,629 [INFO] Loaded RPC module: acl
2025-11-13 23:31:38,630 [INFO] RPC registered: backup (4 methods)
2025-11-13 23:31:38,631 [INFO] Loaded RPC module: backup
2025-11-13 23:31:38,632 [INFO] RPC registered: monitoring (1 methods)
2025-11-13 23:31:38,633 [INFO] Loaded RPC module: monitoring
2025-11-13 23:31:38,636 [ERROR] Failed to import RPC handler 'network': cannot import name 'read_json' from 'storage' (/root/mynas/backend/storage/__init__.py)
2025-11-13 23:31:38,647 [INFO] RPC registered: nfs (2 methods)
2025-11-13 23:31:38,647 [INFO] Loaded RPC module: nfs
2025-11-13 23:31:38,648 [INFO] RPC registered: samba (2 methods)
2025-11-13 23:31:38,648 [INFO] Loaded RPC module: samba
2025-11-13 23:31:38,649 [INFO] RPC registered: shares (5 methods)
2025-11-13 23:31:38,650 [INFO] Loaded RPC module: shares
2025-11-13 23:31:38,650 [INFO] RPC registered: storage (5 methods)
2025-11-13 23:31:38,651 [INFO] Loaded RPC module: storage
2025-11-13 23:31:38,651 [WARNING] Module system has no register_rpc()
2025-11-13 23:31:38,653 [INFO] ✅ RPC handlers registered
2025-11-13 23:31:38,664 [INFO] ✅ WebSocket manager configured
2025-11-13 23:31:38,664 [INFO] === Backend startup complete ===
2025-11-14 00:02:17,696 [INFO] Initializing MyNAS backend system...
2025-11-14 00:02:17,696 [INFO] Auto-registering RPC handlers...
2025-11-14 00:02:17,698 [INFO] RPC registered: acl (3 methods)
2025-11-14 00:02:17,698 [INFO] Loaded RPC module: acl
2025-11-14 00:02:17,699 [INFO] RPC registered: backup (4 methods)
2025-11-14 00:02:17,699 [INFO] Loaded RPC module: backup
2025-11-14 00:02:17,700 [INFO] RPC registered: monitoring (1 methods)
2025-11-14 00:02:17,700 [INFO] Loaded RPC module: monitoring
2025-11-14 00:02:17,701 [ERROR] Failed to import RPC handler 'network': cannot import name 'read_json' from 'storage' (/root/mynas/backend/storage/__init__.py)
2025-11-14 00:02:17,704 [INFO] RPC registered: nfs (2 methods)
2025-11-14 00:02:17,705 [INFO] Loaded RPC module: nfs
2025-11-14 00:02:17,706 [INFO] RPC registered: samba (2 methods)
2025-11-14 00:02:17,707 [INFO] Loaded RPC module: samba
2025-11-14 00:02:17,710 [INFO] RPC registered: shares (5 methods)
2025-11-14 00:02:17,710 [INFO] Loaded RPC module: shares
2025-11-14 00:02:17,717 [INFO] RPC registered: storage (5 methods)
2025-11-14 00:02:17,718 [INFO] Loaded RPC module: storage
2025-11-14 00:02:17,719 [WARNING] Module system has no register_rpc()
2025-11-14 00:02:17,719 [INFO] RPC handlers registered successfully.
2025-11-14 00:02:17,719 [INFO] WebSocket manager registered.
2025-11-14 00:02:17,719 [INFO] MyNAS backend initialized successfully.
2025-11-14 00:02:17,840 [INFO] === Starting MyNAS backend services ===
2025-11-14 00:02:17,939 [INFO] ✅ Detected ZFS pools: {'config_pools': [{'name': 'tank', 'devices': ['sdb']}], 'zpool_list': [{'name': 'main', 'health': 'ONLINE'}], 'importable_pools': []}
2025-11-14 00:02:17,939 [INFO] Loaded 0 shares from config.
2025-11-14 00:02:17,941 [INFO] ✅ Shares loaded successfully.
2025-11-14 00:02:17,941 [INFO] Auto-registering RPC handlers...
2025-11-14 00:02:17,942 [INFO] RPC registered: acl (3 methods)
2025-11-14 00:02:17,942 [INFO] Loaded RPC module: acl
2025-11-14 00:02:17,942 [INFO] RPC registered: backup (4 methods)
2025-11-14 00:02:17,942 [INFO] Loaded RPC module: backup
2025-11-14 00:02:17,942 [INFO] RPC registered: monitoring (1 methods)
2025-11-14 00:02:17,942 [INFO] Loaded RPC module: monitoring
2025-11-14 00:02:17,943 [ERROR] Failed to import RPC handler 'network': cannot import name 'read_json' from 'storage' (/root/mynas/backend/storage/__init__.py)
2025-11-14 00:02:17,944 [INFO] RPC registered: nfs (2 methods)
2025-11-14 00:02:17,944 [INFO] Loaded RPC module: nfs
2025-11-14 00:02:17,945 [INFO] RPC registered: samba (2 methods)
2025-11-14 00:02:17,945 [INFO] Loaded RPC module: samba
2025-11-14 00:02:17,945 [INFO] RPC registered: shares (5 methods)
2025-11-14 00:02:17,945 [INFO] Loaded RPC module: shares
2025-11-14 00:02:17,945 [INFO] RPC registered: storage (5 methods)
2025-11-14 00:02:17,945 [INFO] Loaded RPC module: storage
2025-11-14 00:02:17,947 [WARNING] Module system has no register_rpc()
2025-11-14 00:02:17,947 [INFO] ✅ RPC handlers registered
2025-11-14 00:02:17,949 [INFO] ✅ WebSocket manager configured
2025-11-14 00:02:17,950 [INFO] === Backend startup complete ===
2025-11-14 00:20:36,179 [INFO] Initializing MyNAS backend system...
2025-11-14 00:20:36,183 [INFO] Auto-registering RPC handlers...
2025-11-14 00:20:36,185 [INFO] RPC registered: acl (3 methods)
2025-11-14 00:20:36,190 [INFO] Loaded RPC module: acl
2025-11-14 00:20:36,196 [INFO] RPC registered: backup (4 methods)
2025-11-14 00:20:36,197 [INFO] Loaded RPC module: backup
2025-11-14 00:20:36,199 [INFO] RPC registered: monitoring (1 methods)
2025-11-14 00:20:36,203 [INFO] Loaded RPC module: monitoring
2025-11-14 00:20:36,207 [ERROR] Failed to import RPC handler 'network': cannot import name 'read_json' from 'storage' (/root/mynas/backend/storage/__init__.py)
2025-11-14 00:20:36,214 [INFO] RPC registered: nfs (2 methods)
2025-11-14 00:20:36,223 [INFO] Loaded RPC module: nfs
2025-11-14 00:20:36,225 [INFO] RPC registered: samba (2 methods)
2025-11-14 00:20:36,225 [INFO] Loaded RPC module: samba
2025-11-14 00:20:36,228 [INFO] RPC registered: shares (5 methods)
2025-11-14 00:20:36,228 [INFO] Loaded RPC module: shares
2025-11-14 00:20:36,237 [INFO] RPC registered: storage (5 methods)
2025-11-14 00:20:36,240 [INFO] Loaded RPC module: storage
2025-11-14 00:20:36,241 [WARNING] Module system has no register_rpc()
2025-11-14 00:20:36,241 [INFO] RPC handlers registered successfully.
2025-11-14 00:20:36,241 [INFO] WebSocket manager registered.
2025-11-14 00:20:36,241 [INFO] MyNAS backend initialized successfully.
2025-11-14 00:20:36,613 [INFO] === Starting MyNAS backend services ===
2025-11-14 00:20:36,863 [INFO] ✅ Detected ZFS pools: {'config_pools': [{'name': 'tank', 'devices': ['sdb']}], 'zpool_list': [{'name': 'main', 'health': 'ONLINE'}], 'importable_pools': []}
2025-11-14 00:20:36,864 [INFO] Loaded 0 shares from config.
2025-11-14 00:20:36,870 [INFO] ✅ Shares loaded successfully.
2025-11-14 00:20:36,873 [INFO] Auto-registering RPC handlers...
2025-11-14 00:20:36,873 [INFO] RPC registered: acl (3 methods)
2025-11-14 00:20:36,873 [INFO] Loaded RPC module: acl
2025-11-14 00:20:36,873 [INFO] RPC registered: backup (4 methods)
2025-11-14 00:20:36,873 [INFO] Loaded RPC module: backup
2025-11-14 00:20:36,873 [INFO] RPC registered: monitoring (1 methods)
2025-11-14 00:20:36,874 [INFO] Loaded RPC module: monitoring
2025-11-14 00:20:36,874 [ERROR] Failed to import RPC handler 'network': cannot import name 'read_json' from 'storage' (/root/mynas/backend/storage/__init__.py)
2025-11-14 00:20:36,875 [INFO] RPC registered: nfs (2 methods)
2025-11-14 00:20:36,878 [INFO] Loaded RPC module: nfs
2025-11-14 00:20:36,879 [INFO] RPC registered: samba (2 methods)
2025-11-14 00:20:36,879 [INFO] Loaded RPC module: samba
2025-11-14 00:20:36,879 [INFO] RPC registered: shares (5 methods)
2025-11-14 00:20:36,880 [INFO] Loaded RPC module: shares
2025-11-14 00:20:36,880 [INFO] RPC registered: storage (5 methods)
2025-11-14 00:20:36,880 [INFO] Loaded RPC module: storage
2025-11-14 00:20:36,880 [WARNING] Module system has no register_rpc()
2025-11-14 00:20:36,881 [INFO] ✅ RPC handlers registered
2025-11-14 00:20:36,881 [INFO] ✅ WebSocket manager configured
2025-11-14 00:20:36,882 [INFO] === Backend startup complete ===
2025-11-14 01:01:06,596 [INFO] Initializing MyNAS backend system...
2025-11-14 01:01:06,597 [INFO] Auto-registering RPC handlers...
2025-11-14 01:01:06,598 [INFO] RPC registered: acl (3 methods)
2025-11-14 01:01:06,599 [INFO] Loaded RPC module: acl
2025-11-14 01:01:06,600 [INFO] RPC registered: backup (4 methods)
2025-11-14 01:01:06,600 [INFO] Loaded RPC module: backup
2025-11-14 01:01:06,600 [INFO] RPC registered: monitoring (1 methods)
2025-11-14 01:01:06,600 [INFO] Loaded RPC module: monitoring
2025-11-14 01:01:06,602 [ERROR] Failed to import RPC handler 'network': cannot import name 'read_json' from 'storage' (/root/mynas/backend/storage/__init__.py)
2025-11-14 01:01:06,604 [INFO] RPC registered: nfs (2 methods)
2025-11-14 01:01:06,604 [INFO] Loaded RPC module: nfs
2025-11-14 01:01:06,605 [INFO] RPC registered: samba (2 methods)
2025-11-14 01:01:06,605 [INFO] Loaded RPC module: samba
2025-11-14 01:01:06,606 [INFO] RPC registered: shares (5 methods)
2025-11-14 01:01:06,606 [INFO] Loaded RPC module: shares
2025-11-14 01:01:06,611 [INFO] RPC registered: storage (5 methods)
2025-11-14 01:01:06,611 [INFO] Loaded RPC module: storage
2025-11-14 01:01:06,612 [WARNING] Module system has no register_rpc()
2025-11-14 01:01:06,612 [INFO] RPC handlers registered successfully.
2025-11-14 01:01:06,612 [INFO] WebSocket manager registered.
2025-11-14 01:01:06,613 [INFO] MyNAS backend initialized successfully.
2025-11-14 01:01:06,754 [INFO] === Starting MyNAS backend services ===
2025-11-14 01:01:06,887 [INFO] ✅ Detected ZFS pools: {'config_pools': [{'name': 'tank', 'devices': ['sdb']}], 'zpool_list': [{'name': 'main', 'health': 'ONLINE'}], 'importable_pools': []}
2025-11-14 01:01:06,888 [INFO] Loaded 0 shares from config.
2025-11-14 01:01:06,891 [INFO] ✅ Shares loaded successfully.
2025-11-14 01:01:06,891 [INFO] Auto-registering RPC handlers...
2025-11-14 01:01:06,891 [INFO] RPC registered: acl (3 methods)
2025-11-14 01:01:06,891 [INFO] Loaded RPC module: acl
2025-11-14 01:01:06,891 [INFO] RPC registered: backup (4 methods)
2025-11-14 01:01:06,891 [INFO] Loaded RPC module: backup
2025-11-14 01:01:06,892 [INFO] RPC registered: monitoring (1 methods)
2025-11-14 01:01:06,892 [INFO] Loaded RPC module: monitoring
2025-11-14 01:01:06,893 [ERROR] Failed to import RPC handler 'network': cannot import name 'read_json' from 'storage' (/root/mynas/backend/storage/__init__.py)
2025-11-14 01:01:06,893 [INFO] RPC registered: nfs (2 methods)
2025-11-14 01:01:06,894 [INFO] Loaded RPC module: nfs
2025-11-14 01:01:06,894 [INFO] RPC registered: samba (2 methods)
2025-11-14 01:01:06,894 [INFO] Loaded RPC module: samba
2025-11-14 01:01:06,894 [INFO] RPC registered: shares (5 methods)
2025-11-14 01:01:06,895 [INFO] Loaded RPC module: shares
2025-11-14 01:01:06,895 [INFO] RPC registered: storage (5 methods)
2025-11-14 01:01:06,895 [INFO] Loaded RPC module: storage
2025-11-14 01:01:06,895 [WARNING] Module system has no register_rpc()
2025-11-14 01:01:06,896 [INFO] ✅ RPC handlers registered
2025-11-14 01:01:06,896 [INFO] ✅ WebSocket manager configured
2025-11-14 01:01:06,896 [INFO] === Backend startup complete ===
2025-11-14 01:24:49,370 [INFO] Initializing MyNAS backend system...
2025-11-14 01:24:49,372 [INFO] Auto-registering RPC handlers...
2025-11-14 01:24:49,375 [INFO] RPC registered: acl (3 methods)
2025-11-14 01:24:49,376 [INFO] Loaded RPC module: acl
2025-11-14 01:24:49,378 [INFO] RPC registered: backup (4 methods)
2025-11-14 01:24:49,379 [INFO] Loaded RPC module: backup
2025-11-14 01:24:49,381 [INFO] RPC registered: monitoring (1 methods)
2025-11-14 01:24:49,382 [INFO] Loaded RPC module: monitoring
2025-11-14 01:24:49,384 [ERROR] Failed to import RPC handler 'network': cannot import name 'read_json' from 'storage' (/root/mynas/backend/storage/__init__.py)
2025-11-14 01:24:49,390 [INFO] RPC registered: nfs (2 methods)
2025-11-14 01:24:49,390 [INFO] Loaded RPC module: nfs
2025-11-14 01:24:49,392 [INFO] RPC registered: samba (2 methods)
2025-11-14 01:24:49,393 [INFO] Loaded RPC module: samba
2025-11-14 01:24:49,395 [INFO] RPC registered: shares (5 methods)
2025-11-14 01:24:49,397 [INFO] Loaded RPC module: shares
2025-11-14 01:24:49,412 [INFO] RPC registered: storage (5 methods)
2025-11-14 01:24:49,413 [INFO] Loaded RPC module: storage
2025-11-14 01:24:49,415 [WARNING] Module system has no register_rpc()
2025-11-14 01:24:49,417 [INFO] RPC handlers registered successfully.
2025-11-14 01:24:49,417 [INFO] WebSocket manager registered.
2025-11-14 01:24:49,417 [INFO] MyNAS backend initialized successfully.
2025-11-14 01:24:49,576 [INFO] === Starting MyNAS backend services ===
2025-11-14 01:24:49,699 [INFO] ✅ Detected ZFS pools: {'config_pools': [{'name': 'tank', 'devices': ['sdb']}], 'zpool_list': [{'name': 'main', 'health': 'ONLINE'}], 'importable_pools': []}
2025-11-14 01:24:49,700 [INFO] Loaded 0 shares from config.
2025-11-14 01:24:49,703 [INFO] ✅ Shares loaded successfully.
2025-11-14 01:24:49,703 [INFO] Auto-registering RPC handlers...
2025-11-14 01:24:49,703 [INFO] RPC registered: acl (3 methods)
2025-11-14 01:24:49,703 [INFO] Loaded RPC module: acl
2025-11-14 01:24:49,703 [INFO] RPC registered: backup (4 methods)
2025-11-14 01:24:49,703 [INFO] Loaded RPC module: backup
2025-11-14 01:24:49,703 [INFO] RPC registered: monitoring (1 methods)
2025-11-14 01:24:49,704 [INFO] Loaded RPC module: monitoring
2025-11-14 01:24:49,705 [ERROR] Failed to import RPC handler 'network': cannot import name 'read_json' from 'storage' (/root/mynas/backend/storage/__init__.py)
2025-11-14 01:24:49,705 [INFO] RPC registered: nfs (2 methods)
2025-11-14 01:24:49,705 [INFO] Loaded RPC module: nfs
2025-11-14 01:24:49,706 [INFO] RPC registered: samba (2 methods)
2025-11-14 01:24:49,707 [INFO] Loaded RPC module: samba
2025-11-14 01:24:49,707 [INFO] RPC registered: shares (5 methods)
2025-11-14 01:24:49,707 [INFO] Loaded RPC module: shares
2025-11-14 01:24:49,708 [INFO] RPC registered: storage (5 methods)
2025-11-14 01:24:49,708 [INFO] Loaded RPC module: storage
2025-11-14 01:24:49,708 [WARNING] Module system has no register_rpc()
2025-11-14 01:24:49,708 [INFO] ✅ RPC handlers registered
2025-11-14 01:24:49,708 [INFO] ✅ WebSocket manager configured
2025-11-14 01:24:49,708 [INFO] === Backend startup complete ===
2025-11-14 01:28:10,582 [INFO] 🛑 MyNAS Backend Shutting down...
2025-11-14 01:28:10,584 [INFO] Backend terminated.
2025-11-14 01:38:17,413 [INFO] Initializing MyNAS backend system...
2025-11-14 01:38:17,418 [INFO] Auto-registering RPC handlers...
2025-11-14 01:38:17,423 [INFO] RPC registered: acl (3 methods)
2025-11-14 01:38:17,424 [INFO] Loaded RPC module: acl
2025-11-14 01:38:17,429 [INFO] RPC registered: backup (4 methods)
2025-11-14 01:38:17,430 [INFO] Loaded RPC module: backup
2025-11-14 01:38:17,432 [INFO] RPC registered: monitoring (1 methods)
2025-11-14 01:38:17,433 [INFO] Loaded RPC module: monitoring
2025-11-14 01:38:17,436 [ERROR] Failed to import RPC handler 'network': cannot import name 'read_json' from 'storage' (/root/mynas/backend/storage/__init__.py)
2025-11-14 01:38:17,442 [INFO] RPC registered: nfs (2 methods)
2025-11-14 01:38:17,443 [INFO] Loaded RPC module: nfs
2025-11-14 01:38:17,444 [INFO] RPC registered: samba (2 methods)
2025-11-14 01:38:17,445 [INFO] Loaded RPC module: samba
2025-11-14 01:38:17,446 [INFO] RPC registered: shares (5 methods)
2025-11-14 01:38:17,446 [INFO] Loaded RPC module: shares
2025-11-14 01:38:17,454 [INFO] RPC registered: storage (5 methods)
2025-11-14 01:38:17,455 [INFO] Loaded RPC module: storage
2025-11-14 01:38:17,459 [WARNING] Module system has no register_rpc()
2025-11-14 01:38:17,460 [INFO] RPC handlers registered successfully.
2025-11-14 01:38:17,462 [INFO] WebSocket manager registered.
2025-11-14 01:38:17,463 [INFO] MyNAS backend initialized successfully.
2025-11-14 01:38:17,633 [INFO] === Starting MyNAS backend services ===
2025-11-14 01:38:17,755 [INFO] ✅ Detected ZFS pools: {'config_pools': [{'name': 'tank', 'devices': ['sdb']}], 'zpool_list': [{'name': 'main', 'health': 'ONLINE'}], 'importable_pools': []}
2025-11-14 01:38:17,757 [INFO] Loaded 0 shares from config.
2025-11-14 01:38:17,763 [INFO] ✅ Shares loaded successfully.
2025-11-14 01:38:17,763 [INFO] Auto-registering RPC handlers...
2025-11-14 01:38:17,764 [INFO] RPC registered: acl (3 methods)
2025-11-14 01:38:17,765 [INFO] Loaded RPC module: acl
2025-11-14 01:38:17,766 [INFO] RPC registered: backup (4 methods)
2025-11-14 01:38:17,766 [INFO] Loaded RPC module: backup
2025-11-14 01:38:17,766 [INFO] RPC registered: monitoring (1 methods)
2025-11-14 01:38:17,766 [INFO] Loaded RPC module: monitoring
2025-11-14 01:38:17,766 [ERROR] Failed to import RPC handler 'network': cannot import name 'read_json' from 'storage' (/root/mynas/backend/storage/__init__.py)
2025-11-14 01:38:17,769 [INFO] RPC registered: nfs (2 methods)
2025-11-14 01:38:17,771 [INFO] Loaded RPC module: nfs
2025-11-14 01:38:17,771 [INFO] RPC registered: samba (2 methods)
2025-11-14 01:38:17,771 [INFO] Loaded RPC module: samba
2025-11-14 01:38:17,771 [INFO] RPC registered: shares (5 methods)
2025-11-14 01:38:17,772 [INFO] Loaded RPC module: shares
2025-11-14 01:38:17,772 [INFO] RPC registered: storage (5 methods)
2025-11-14 01:38:17,772 [INFO] Loaded RPC module: storage
2025-11-14 01:38:17,772 [WARNING] Module system has no register_rpc()
2025-11-14 01:38:17,773 [INFO] ✅ RPC handlers registered
2025-11-14 01:38:17,774 [INFO] ✅ WebSocket manager configured
2025-11-14 01:38:17,775 [INFO] === Backend startup complete ===
2025-11-14 02:02:24,312 [INFO] Initializing MyNAS backend system...
2025-11-14 02:02:24,313 [INFO] Auto-registering RPC handlers...
2025-11-14 02:02:24,315 [INFO] RPC registered: acl (3 methods)
2025-11-14 02:02:24,315 [INFO] Loaded RPC module: acl
2025-11-14 02:02:24,316 [INFO] RPC registered: backup (4 methods)
2025-11-14 02:02:24,316 [INFO] Loaded RPC module: backup
2025-11-14 02:02:24,317 [INFO] RPC registered: monitoring (1 methods)
2025-11-14 02:02:24,317 [INFO] Loaded RPC module: monitoring
2025-11-14 02:02:24,318 [ERROR] Failed to import RPC handler 'network': cannot import name 'read_json' from 'storage' (/root/mynas/backend/storage/__init__.py)
2025-11-14 02:02:24,321 [INFO] RPC registered: nfs (2 methods)
2025-11-14 02:02:24,321 [INFO] Loaded RPC module: nfs
2025-11-14 02:02:24,322 [INFO] RPC registered: samba (2 methods)
2025-11-14 02:02:24,322 [INFO] Loaded RPC module: samba
2025-11-14 02:02:24,323 [INFO] RPC registered: shares (5 methods)
2025-11-14 02:02:24,323 [INFO] Loaded RPC module: shares
2025-11-14 02:02:24,329 [INFO] RPC registered: storage (5 methods)
2025-11-14 02:02:24,329 [INFO] Loaded RPC module: storage
2025-11-14 02:02:24,330 [WARNING] Module system has no register_rpc()
2025-11-14 02:02:24,330 [INFO] RPC handlers registered successfully.
2025-11-14 02:02:24,330 [INFO] WebSocket manager registered.
2025-11-14 02:02:24,330 [INFO] MyNAS backend initialized successfully.
2025-11-14 02:02:24,568 [INFO] === Starting MyNAS backend services ===
2025-11-14 02:02:24,741 [INFO] ✅ Detected ZFS pools: {'config_pools': [{'name': 'tank', 'devices': ['sdb']}], 'zpool_list': [{'name': 'main', 'health': 'ONLINE'}], 'importable_pools': []}
2025-11-14 02:02:24,741 [INFO] Loaded 0 shares from config.
2025-11-14 02:02:24,747 [INFO] ✅ Shares loaded successfully.
2025-11-14 02:02:24,749 [INFO] Auto-registering RPC handlers...
2025-11-14 02:02:24,751 [INFO] RPC registered: acl (3 methods)
2025-11-14 02:02:24,751 [INFO] Loaded RPC module: acl
2025-11-14 02:02:24,751 [INFO] RPC registered: backup (4 methods)
2025-11-14 02:02:24,751 [INFO] Loaded RPC module: backup
2025-11-14 02:02:24,752 [INFO] RPC registered: monitoring (1 methods)
2025-11-14 02:02:24,752 [INFO] Loaded RPC module: monitoring
2025-11-14 02:02:24,759 [ERROR] Failed to import RPC handler 'network': cannot import name 'read_json' from 'storage' (/root/mynas/backend/storage/__init__.py)
2025-11-14 02:02:24,760 [INFO] RPC registered: nfs (2 methods)
2025-11-14 02:02:24,760 [INFO] Loaded RPC module: nfs
2025-11-14 02:02:24,760 [INFO] RPC registered: samba (2 methods)
2025-11-14 02:02:24,760 [INFO] Loaded RPC module: samba
2025-11-14 02:02:24,760 [INFO] RPC registered: shares (5 methods)
2025-11-14 02:02:24,760 [INFO] Loaded RPC module: shares
2025-11-14 02:02:24,760 [INFO] RPC registered: storage (5 methods)
2025-11-14 02:02:24,760 [INFO] Loaded RPC module: storage
2025-11-14 02:02:24,760 [WARNING] Module system has no register_rpc()
2025-11-14 02:02:24,760 [INFO] ✅ RPC handlers registered
2025-11-14 02:02:24,763 [INFO] ✅ WebSocket manager configured
2025-11-14 02:02:24,764 [INFO] === Backend startup complete ===
2025-11-14 02:15:42,289 [INFO] Initializing MyNAS backend system...
2025-11-14 02:15:42,290 [INFO] Auto-registering RPC handlers...
2025-11-14 02:15:42,292 [INFO] RPC registered: acl (3 methods)
2025-11-14 02:15:42,292 [INFO] Loaded RPC module: acl
2025-11-14 02:15:42,293 [INFO] RPC registered: backup (4 methods)
2025-11-14 02:15:42,293 [INFO] Loaded RPC module: backup
2025-11-14 02:15:42,294 [INFO] RPC registered: monitoring (1 methods)
2025-11-14 02:15:42,294 [INFO] Loaded RPC module: monitoring
2025-11-14 02:15:42,297 [ERROR] Failed to import RPC handler 'network': cannot import name 'read_json' from 'storage' (/root/mynas/backend/storage/__init__.py)
2025-11-14 02:15:42,299 [INFO] RPC registered: nfs (2 methods)
2025-11-14 02:15:42,299 [INFO] Loaded RPC module: nfs
2025-11-14 02:15:42,301 [INFO] RPC registered: samba (2 methods)
2025-11-14 02:15:42,301 [INFO] Loaded RPC module: samba
2025-11-14 02:15:42,302 [INFO] RPC registered: shares (5 methods)
2025-11-14 02:15:42,302 [INFO] Loaded RPC module: shares
2025-11-14 02:15:42,309 [INFO] RPC registered: storage (5 methods)
2025-11-14 02:15:42,309 [INFO] Loaded RPC module: storage
2025-11-14 02:15:42,310 [WARNING] Module system has no register_rpc()
2025-11-14 02:15:42,310 [INFO] RPC handlers registered successfully.
2025-11-14 02:15:42,310 [INFO] WebSocket manager registered.
2025-11-14 02:15:42,310 [INFO] MyNAS backend initialized successfully.
2025-11-14 02:15:42,438 [INFO] === Starting MyNAS backend services ===
2025-11-14 02:15:42,537 [INFO] ✅ Detected ZFS pools: {'config_pools': [{'name': 'tank', 'devices': ['sdb']}], 'zpool_list': [{'name': 'main', 'health': 'ONLINE'}], 'importable_pools': []}
2025-11-14 02:15:42,538 [INFO] Loaded 0 shares from config.
2025-11-14 02:15:42,540 [INFO] ✅ Shares loaded successfully.
2025-11-14 02:15:42,540 [INFO] Auto-registering RPC handlers...
2025-11-14 02:15:42,540 [INFO] RPC registered: acl (3 methods)
2025-11-14 02:15:42,541 [INFO] Loaded RPC module: acl
2025-11-14 02:15:42,541 [INFO] RPC registered: backup (4 methods)
2025-11-14 02:15:42,541 [INFO] Loaded RPC module: backup
2025-11-14 02:15:42,541 [INFO] RPC registered: monitoring (1 methods)
2025-11-14 02:15:42,541 [INFO] Loaded RPC module: monitoring
2025-11-14 02:15:42,542 [ERROR] Failed to import RPC handler 'network': cannot import name 'read_json' from 'storage' (/root/mynas/backend/storage/__init__.py)
2025-11-14 02:15:42,542 [INFO] RPC registered: nfs (2 methods)
2025-11-14 02:15:42,542 [INFO] Loaded RPC module: nfs
2025-11-14 02:15:42,542 [INFO] RPC registered: samba (2 methods)
2025-11-14 02:15:42,543 [INFO] Loaded RPC module: samba
2025-11-14 02:15:42,543 [INFO] RPC registered: shares (5 methods)
2025-11-14 02:15:42,543 [INFO] Loaded RPC module: shares
2025-11-14 02:15:42,543 [INFO] RPC registered: storage (5 methods)
2025-11-14 02:15:42,543 [INFO] Loaded RPC module: storage
2025-11-14 02:15:42,544 [WARNING] Module system has no register_rpc()
2025-11-14 02:15:42,544 [INFO] ✅ RPC handlers registered
2025-11-14 02:15:42,544 [INFO] ✅ WebSocket manager configured
2025-11-14 02:15:42,545 [INFO] === Backend startup complete ===
2025-11-14 02:38:29,488 [INFO] Initializing MyNAS backend system...
2025-11-14 02:38:29,490 [INFO] Auto-registering RPC handlers...
2025-11-14 02:38:29,492 [INFO] RPC registered: acl (3 methods)
2025-11-14 02:38:29,493 [INFO] Loaded RPC module: acl
2025-11-14 02:38:29,494 [INFO] RPC registered: backup (4 methods)
2025-11-14 02:38:29,495 [INFO] Loaded RPC module: backup
2025-11-14 02:38:29,496 [INFO] RPC registered: monitoring (1 methods)
2025-11-14 02:38:29,496 [INFO] Loaded RPC module: monitoring
2025-11-14 02:38:29,499 [ERROR] Failed to import RPC handler 'network': cannot import name 'read_json' from 'storage' (/root/mynas/backend/storage/__init__.py)
2025-11-14 02:38:29,502 [INFO] RPC registered: nfs (2 methods)
2025-11-14 02:38:29,502 [INFO] Loaded RPC module: nfs
2025-11-14 02:38:29,504 [INFO] RPC registered: samba (2 methods)
2025-11-14 02:38:29,504 [INFO] Loaded RPC module: samba
2025-11-14 02:38:29,506 [INFO] RPC registered: shares (5 methods)
2025-11-14 02:38:29,506 [INFO] Loaded RPC module: shares
2025-11-14 02:38:29,514 [INFO] RPC registered: storage (5 methods)
2025-11-14 02:38:29,514 [INFO] Loaded RPC module: storage
2025-11-14 02:38:29,515 [WARNING] Module system has no register_rpc()
2025-11-14 02:38:29,515 [INFO] RPC handlers registered successfully.
2025-11-14 02:38:29,515 [INFO] WebSocket manager registered.
2025-11-14 02:38:29,516 [INFO] MyNAS backend initialized successfully.
2025-11-14 02:38:29,673 [INFO] === Starting MyNAS backend services ===
2025-11-14 02:38:29,882 [INFO] ✅ Detected ZFS pools: {'config_pools': [{'name': 'tank', 'devices': ['sdb']}], 'zpool_list': [{'name': 'main', 'health': 'ONLINE'}], 'importable_pools': []}
2025-11-14 02:38:29,883 [INFO] Loaded 0 shares from config.
2025-11-14 02:38:29,887 [INFO] ✅ Shares loaded successfully.
2025-11-14 02:38:29,888 [INFO] Auto-registering RPC handlers...
2025-11-14 02:38:29,889 [INFO] RPC registered: acl (3 methods)
2025-11-14 02:38:29,889 [INFO] Loaded RPC module: acl
2025-11-14 02:38:29,890 [INFO] RPC registered: backup (4 methods)
2025-11-14 02:38:29,890 [INFO] Loaded RPC module: backup
2025-11-14 02:38:29,890 [INFO] RPC registered: monitoring (1 methods)
2025-11-14 02:38:29,890 [INFO] Loaded RPC module: monitoring
2025-11-14 02:38:29,892 [ERROR] Failed to import RPC handler 'network': cannot import name 'read_json' from 'storage' (/root/mynas/backend/storage/__init__.py)
2025-11-14 02:38:29,892 [INFO] RPC registered: nfs (2 methods)
2025-11-14 02:38:29,893 [INFO] Loaded RPC module: nfs
2025-11-14 02:38:29,893 [INFO] RPC registered: samba (2 methods)
2025-11-14 02:38:29,893 [INFO] Loaded RPC module: samba
2025-11-14 02:38:29,894 [INFO] RPC registered: shares (5 methods)
2025-11-14 02:38:29,894 [INFO] Loaded RPC module: shares
2025-11-14 02:38:29,894 [INFO] RPC registered: storage (5 methods)
2025-11-14 02:38:29,895 [INFO] Loaded RPC module: storage
2025-11-14 02:38:29,895 [WARNING] Module system has no register_rpc()
2025-11-14 02:38:29,895 [INFO] ✅ RPC handlers registered
2025-11-14 02:38:29,895 [INFO] ✅ WebSocket manager configured
2025-11-14 02:38:29,895 [INFO] === Backend startup complete ===
2025-11-14 03:08:24,645 [INFO] Initializing MyNAS backend system...
2025-11-14 03:08:24,646 [INFO] Auto-registering RPC handlers...
2025-11-14 03:08:24,649 [INFO] RPC registered: acl (3 methods)
2025-11-14 03:08:24,649 [INFO] Loaded RPC module: acl
2025-11-14 03:08:24,650 [INFO] RPC registered: backup (4 methods)
2025-11-14 03:08:24,650 [INFO] Loaded RPC module: backup
2025-11-14 03:08:24,651 [INFO] RPC registered: monitoring (1 methods)
2025-11-14 03:08:24,652 [INFO] Loaded RPC module: monitoring
2025-11-14 03:08:24,656 [ERROR] Failed to import RPC handler 'network': cannot import name 'read_json' from 'storage' (/root/mynas/backend/storage/__init__.py)
2025-11-14 03:08:24,661 [INFO] RPC registered: nfs (2 methods)
2025-11-14 03:08:24,662 [INFO] Loaded RPC module: nfs
2025-11-14 03:08:24,664 [INFO] RPC registered: samba (2 methods)
2025-11-14 03:08:24,664 [INFO] Loaded RPC module: samba
2025-11-14 03:08:24,666 [INFO] RPC registered: shares (5 methods)
2025-11-14 03:08:24,666 [INFO] Loaded RPC module: shares
2025-11-14 03:08:24,678 [INFO] RPC registered: storage (5 methods)
2025-11-14 03:08:24,678 [INFO] Loaded RPC module: storage
2025-11-14 03:08:24,679 [WARNING] Module system has no register_rpc()
2025-11-14 03:08:24,679 [INFO] RPC handlers registered successfully.
2025-11-14 03:08:24,679 [INFO] WebSocket manager registered.
2025-11-14 03:08:24,679 [INFO] MyNAS backend initialized successfully.
2025-11-14 03:08:24,839 [INFO] === Starting MyNAS backend services ===
2025-11-14 03:08:25,240 [INFO] ✅ Detected ZFS pools: {'config_pools': [{'name': 'tank', 'devices': ['sdb']}], 'zpool_list': [{'name': 'main', 'health': 'ONLINE'}], 'importable_pools': []}
2025-11-14 03:08:25,240 [INFO] Loaded 0 shares from config.
2025-11-14 03:08:25,244 [INFO] ✅ Shares loaded successfully.
2025-11-14 03:08:25,244 [INFO] Auto-registering RPC handlers...
2025-11-14 03:08:25,244 [INFO] RPC registered: acl (3 methods)
2025-11-14 03:08:25,245 [INFO] Loaded RPC module: acl
2025-11-14 03:08:25,245 [INFO] RPC registered: backup (4 methods)
2025-11-14 03:08:25,245 [INFO] Loaded RPC module: backup
2025-11-14 03:08:25,245 [INFO] RPC registered: monitoring (1 methods)
2025-11-14 03:08:25,245 [INFO] Loaded RPC module: monitoring
2025-11-14 03:08:25,247 [ERROR] Failed to import RPC handler 'network': cannot import name 'read_json' from 'storage' (/root/mynas/backend/storage/__init__.py)
2025-11-14 03:08:25,248 [INFO] RPC registered: nfs (2 methods)
2025-11-14 03:08:25,248 [INFO] Loaded RPC module: nfs
2025-11-14 03:08:25,249 [INFO] RPC registered: samba (2 methods)
2025-11-14 03:08:25,249 [INFO] Loaded RPC module: samba
2025-11-14 03:08:25,249 [INFO] RPC registered: shares (5 methods)
2025-11-14 03:08:25,249 [INFO] Loaded RPC module: shares
2025-11-14 03:08:25,250 [INFO] RPC registered: storage (5 methods)
2025-11-14 03:08:25,250 [INFO] Loaded RPC module: storage
2025-11-14 03:08:25,250 [WARNING] Module system has no register_rpc()
2025-11-14 03:08:25,250 [INFO] ✅ RPC handlers registered
2025-11-14 03:08:25,250 [INFO] ✅ WebSocket manager configured
2025-11-14 03:08:25,250 [INFO] === Backend startup complete ===
2025-11-14 03:59:29,150 [INFO] Initializing MyNAS backend system...
2025-11-14 03:59:29,159 [INFO] Auto-registering RPC handlers...
2025-11-14 03:59:29,166 [INFO] RPC registered: acl (3 methods)
2025-11-14 03:59:29,167 [INFO] Loaded RPC module: acl
2025-11-14 03:59:29,177 [INFO] RPC registered: backup (4 methods)
2025-11-14 03:59:29,177 [INFO] Loaded RPC module: backup
2025-11-14 03:59:29,179 [INFO] RPC registered: monitoring (1 methods)
2025-11-14 03:59:29,179 [INFO] Loaded RPC module: monitoring
2025-11-14 03:59:29,187 [ERROR] Failed to import RPC handler 'network': cannot import name 'read_json' from 'storage' (/root/mynas/backend/storage/__init__.py)
2025-11-14 03:59:29,199 [INFO] RPC registered: nfs (2 methods)
2025-11-14 03:59:29,199 [INFO] Loaded RPC module: nfs
2025-11-14 03:59:29,206 [INFO] RPC registered: samba (2 methods)
2025-11-14 03:59:29,206 [INFO] Loaded RPC module: samba
2025-11-14 03:59:29,207 [INFO] RPC registered: shares (5 methods)
2025-11-14 03:59:29,213 [INFO] Loaded RPC module: shares
2025-11-14 03:59:29,235 [INFO] RPC registered: storage (5 methods)
2025-11-14 03:59:29,240 [INFO] Loaded RPC module: storage
2025-11-14 03:59:29,245 [WARNING] Module system has no register_rpc()
2025-11-14 03:59:29,245 [INFO] RPC handlers registered successfully.
2025-11-14 03:59:29,245 [INFO] WebSocket manager registered.
2025-11-14 03:59:29,245 [INFO] MyNAS backend initialized successfully.
2025-11-14 03:59:29,619 [INFO] === Starting MyNAS backend services ===
2025-11-14 03:59:29,782 [INFO] ✅ Detected ZFS pools: {'config_pools': [{'name': 'tank', 'devices': ['sdb']}], 'zpool_list': [{'name': 'main', 'health': 'ONLINE'}], 'importable_pools': []}
2025-11-14 03:59:29,782 [INFO] Loaded 0 shares from config.
2025-11-14 03:59:29,786 [INFO] ✅ Shares loaded successfully.
2025-11-14 03:59:29,789 [INFO] Auto-registering RPC handlers...
2025-11-14 03:59:29,789 [INFO] RPC registered: acl (3 methods)
2025-11-14 03:59:29,789 [INFO] Loaded RPC module: acl
2025-11-14 03:59:29,789 [INFO] RPC registered: backup (4 methods)
2025-11-14 03:59:29,789 [INFO] Loaded RPC module: backup
2025-11-14 03:59:29,789 [INFO] RPC registered: monitoring (1 methods)
2025-11-14 03:59:29,789 [INFO] Loaded RPC module: monitoring
2025-11-14 03:59:29,796 [ERROR] Failed to import RPC handler 'network': cannot import name 'read_json' from 'storage' (/root/mynas/backend/storage/__init__.py)
2025-11-14 03:59:29,796 [INFO] RPC registered: nfs (2 methods)
2025-11-14 03:59:29,796 [INFO] Loaded RPC module: nfs
2025-11-14 03:59:29,796 [INFO] RPC registered: samba (2 methods)
2025-11-14 03:59:29,796 [INFO] Loaded RPC module: samba
2025-11-14 03:59:29,796 [INFO] RPC registered: shares (5 methods)
2025-11-14 03:59:29,804 [INFO] Loaded RPC module: shares
2025-11-14 03:59:29,804 [INFO] RPC registered: storage (5 methods)
2025-11-14 03:59:29,806 [INFO] Loaded RPC module: storage
2025-11-14 03:59:29,807 [WARNING] Module system has no register_rpc()
2025-11-14 03:59:29,807 [INFO] ✅ RPC handlers registered
2025-11-14 03:59:29,807 [INFO] ✅ WebSocket manager configured
2025-11-14 03:59:29,807 [INFO] === Backend startup complete ===
2025-11-14 04:34:25,250 [INFO] Initializing MyNAS backend system...
2025-11-14 04:34:25,252 [INFO] Auto-registering RPC handlers...
2025-11-14 04:34:25,254 [INFO] RPC registered: acl (3 methods)
2025-11-14 04:34:25,255 [INFO] Loaded RPC module: acl
2025-11-14 04:34:25,256 [INFO] RPC registered: backup (4 methods)
2025-11-14 04:34:25,256 [INFO] Loaded RPC module: backup
2025-11-14 04:34:25,258 [INFO] RPC registered: monitoring (1 methods)
2025-11-14 04:34:25,258 [INFO] Loaded RPC module: monitoring
2025-11-14 04:34:25,261 [ERROR] Failed to import RPC handler 'network': cannot import name 'read_json' from 'storage' (/root/mynas/backend/storage/__init__.py)
2025-11-14 04:34:25,263 [INFO] RPC registered: nfs (2 methods)
2025-11-14 04:34:25,264 [INFO] Loaded RPC module: nfs
2025-11-14 04:34:25,265 [INFO] RPC registered: samba (2 methods)
2025-11-14 04:34:25,265 [INFO] Loaded RPC module: samba
2025-11-14 04:34:25,267 [INFO] RPC registered: shares (5 methods)
2025-11-14 04:34:25,267 [INFO] Loaded RPC module: shares
2025-11-14 04:34:25,273 [INFO] RPC registered: storage (5 methods)
2025-11-14 04:34:25,273 [INFO] Loaded RPC module: storage
2025-11-14 04:34:25,274 [WARNING] Module system has no register_rpc()
2025-11-14 04:34:25,275 [INFO] RPC handlers registered successfully.
2025-11-14 04:34:25,275 [INFO] WebSocket manager registered.
2025-11-14 04:34:25,275 [INFO] MyNAS backend initialized successfully.
2025-11-14 04:34:25,433 [INFO] === Starting MyNAS backend services ===
2025-11-14 04:34:25,581 [INFO] ✅ Detected ZFS pools: {'config_pools': [{'name': 'tank', 'devices': ['sdb']}], 'zpool_list': [{'name': 'main', 'health': 'ONLINE'}], 'importable_pools': []}
2025-11-14 04:34:25,581 [INFO] Loaded 0 shares from config.
2025-11-14 04:34:25,586 [INFO] ✅ Shares loaded successfully.
2025-11-14 04:34:25,586 [INFO] Auto-registering RPC handlers...
2025-11-14 04:34:25,587 [INFO] RPC registered: acl (3 methods)
2025-11-14 04:34:25,589 [INFO] Loaded RPC module: acl
2025-11-14 04:34:25,590 [INFO] RPC registered: backup (4 methods)
2025-11-14 04:34:25,590 [INFO] Loaded RPC module: backup
2025-11-14 04:34:25,592 [INFO] RPC registered: monitoring (1 methods)
2025-11-14 04:34:25,595 [INFO] Loaded RPC module: monitoring
2025-11-14 04:34:25,598 [ERROR] Failed to import RPC handler 'network': cannot import name 'read_json' from 'storage' (/root/mynas/backend/storage/__init__.py)
2025-11-14 04:34:25,598 [INFO] RPC registered: nfs (2 methods)
2025-11-14 04:34:25,599 [INFO] Loaded RPC module: nfs
2025-11-14 04:34:25,599 [INFO] RPC registered: samba (2 methods)
2025-11-14 04:34:25,600 [INFO] Loaded RPC module: samba
2025-11-14 04:34:25,600 [INFO] RPC registered: shares (5 methods)
2025-11-14 04:34:25,601 [INFO] Loaded RPC module: shares
2025-11-14 04:34:25,602 [INFO] RPC registered: storage (5 methods)
2025-11-14 04:34:25,602 [INFO] Loaded RPC module: storage
2025-11-14 04:34:25,603 [WARNING] Module system has no register_rpc()
2025-11-14 04:34:25,603 [INFO] ✅ RPC handlers registered
2025-11-14 04:34:25,603 [INFO] ✅ WebSocket manager configured
2025-11-14 04:34:25,604 [INFO] === Backend startup complete ===
2025-11-14 04:35:18,183 [INFO] 🛑 MyNAS Backend Shutting down...
2025-11-14 04:35:18,184 [INFO] Backend terminated.
2025-11-14 04:36:43,420 [INFO] Initializing MyNAS backend system...
2025-11-14 04:36:43,420 [INFO] Auto-registering RPC handlers...
2025-11-14 04:36:43,421 [INFO] RPC registered: acl (3 methods)
2025-11-14 04:36:43,421 [INFO] Loaded RPC module: acl
2025-11-14 04:36:43,423 [INFO] RPC registered: backup (4 methods)
2025-11-14 04:36:43,423 [INFO] Loaded RPC module: backup
2025-11-14 04:36:43,423 [INFO] RPC registered: monitoring (1 methods)
2025-11-14 04:36:43,424 [INFO] Loaded RPC module: monitoring
2025-11-14 04:36:43,425 [ERROR] Failed to import RPC handler 'network': cannot import name 'read_json' from 'storage' (/root/mynas/backend/storage/__init__.py)
2025-11-14 04:36:43,427 [INFO] RPC registered: nfs (2 methods)
2025-11-14 04:36:43,427 [INFO] Loaded RPC module: nfs
2025-11-14 04:36:43,428 [INFO] RPC registered: samba (2 methods)
2025-11-14 04:36:43,428 [INFO] Loaded RPC module: samba
2025-11-14 04:36:43,428 [INFO] RPC registered: shares (5 methods)
2025-11-14 04:36:43,428 [INFO] Loaded RPC module: shares
2025-11-14 04:36:43,436 [INFO] RPC registered: storage (5 methods)
2025-11-14 04:36:43,436 [INFO] Loaded RPC module: storage
2025-11-14 04:36:43,437 [WARNING] Module system has no register_rpc()
2025-11-14 04:36:43,438 [INFO] RPC handlers registered successfully.
2025-11-14 04:36:43,438 [INFO] WebSocket manager registered.
2025-11-14 04:36:43,438 [INFO] MyNAS backend initialized successfully.
2025-11-14 04:36:43,554 [INFO] === Starting MyNAS backend services ===
2025-11-14 04:36:43,647 [INFO] ✅ Detected ZFS pools: {'config_pools': [{'name': 'tank', 'devices': ['sdb']}], 'zpool_list': [{'name': 'main', 'health': 'ONLINE'}], 'importable_pools': []}
2025-11-14 04:36:43,647 [INFO] Loaded 0 shares from config.
2025-11-14 04:36:43,649 [INFO] ✅ Shares loaded successfully.
2025-11-14 04:36:43,649 [INFO] Auto-registering RPC handlers...
2025-11-14 04:36:43,650 [INFO] RPC registered: acl (3 methods)
2025-11-14 04:36:43,650 [INFO] Loaded RPC module: acl
2025-11-14 04:36:43,650 [INFO] RPC registered: backup (4 methods)
2025-11-14 04:36:43,650 [INFO] Loaded RPC module: backup
2025-11-14 04:36:43,650 [INFO] RPC registered: monitoring (1 methods)
2025-11-14 04:36:43,650 [INFO] Loaded RPC module: monitoring
2025-11-14 04:36:43,651 [ERROR] Failed to import RPC handler 'network': cannot import name 'read_json' from 'storage' (/root/mynas/backend/storage/__init__.py)
2025-11-14 04:36:43,651 [INFO] RPC registered: nfs (2 methods)
2025-11-14 04:36:43,652 [INFO] Loaded RPC module: nfs
2025-11-14 04:36:43,652 [INFO] RPC registered: samba (2 methods)
2025-11-14 04:36:43,652 [INFO] Loaded RPC module: samba
2025-11-14 04:36:43,652 [INFO] RPC registered: shares (5 methods)
2025-11-14 04:36:43,652 [INFO] Loaded RPC module: shares
2025-11-14 04:36:43,652 [INFO] RPC registered: storage (5 methods)
2025-11-14 04:36:43,652 [INFO] Loaded RPC module: storage
2025-11-14 04:36:43,652 [WARNING] Module system has no register_rpc()
2025-11-14 04:36:43,653 [INFO] ✅ RPC handlers registered
2025-11-14 04:36:43,653 [INFO] ✅ WebSocket manager configured
2025-11-14 04:36:43,653 [INFO] === Backend startup complete ===
2025-11-14 04:41:28,907 [INFO] Initializing MyNAS backend system...
2025-11-14 04:41:28,907 [INFO] Auto-registering RPC handlers...
2025-11-14 04:41:28,909 [INFO] RPC registered: acl (3 methods)
2025-11-14 04:41:28,909 [INFO] Loaded RPC module: acl
2025-11-14 04:41:28,910 [INFO] RPC registered: backup (4 methods)
2025-11-14 04:41:28,910 [INFO] Loaded RPC module: backup
2025-11-14 04:41:28,910 [INFO] RPC registered: monitoring (1 methods)
2025-11-14 04:41:28,910 [INFO] Loaded RPC module: monitoring
2025-11-14 04:41:28,911 [ERROR] Failed to import RPC handler 'network': cannot import name 'read_json' from 'storage' (/root/mynas/backend/storage/__init__.py)
2025-11-14 04:41:28,913 [INFO] RPC registered: nfs (2 methods)
2025-11-14 04:41:28,914 [INFO] Loaded RPC module: nfs
2025-11-14 04:41:28,915 [INFO] RPC registered: samba (2 methods)
2025-11-14 04:41:28,917 [INFO] Loaded RPC module: samba
2025-11-14 04:41:28,917 [INFO] RPC registered: shares (5 methods)
2025-11-14 04:41:28,918 [INFO] Loaded RPC module: shares
2025-11-14 04:41:28,925 [INFO] RPC registered: storage (5 methods)
2025-11-14 04:41:28,925 [INFO] Loaded RPC module: storage
2025-11-14 04:41:28,926 [WARNING] Module system has no register_rpc()
2025-11-14 04:41:28,926 [INFO] RPC handlers registered successfully.
2025-11-14 04:41:28,926 [INFO] WebSocket manager registered.
2025-11-14 04:41:28,927 [INFO] MyNAS backend initialized successfully.
2025-11-14 04:41:29,042 [INFO] === Starting MyNAS backend services ===
2025-11-14 04:41:29,139 [INFO] ✅ Detected ZFS pools: {'config_pools': [{'name': 'tank', 'devices': ['sdb']}], 'zpool_list': [{'name': 'main', 'health': 'ONLINE'}], 'importable_pools': []}
2025-11-14 04:41:29,139 [INFO] Loaded 0 shares from config.
2025-11-14 04:41:29,142 [INFO] ✅ Shares loaded successfully.
2025-11-14 04:41:29,142 [INFO] Auto-registering RPC handlers...
2025-11-14 04:41:29,142 [INFO] RPC registered: acl (3 methods)
2025-11-14 04:41:29,142 [INFO] Loaded RPC module: acl
2025-11-14 04:41:29,143 [INFO] RPC registered: backup (4 methods)
2025-11-14 04:41:29,143 [INFO] Loaded RPC module: backup
2025-11-14 04:41:29,143 [INFO] RPC registered: monitoring (1 methods)
2025-11-14 04:41:29,143 [INFO] Loaded RPC module: monitoring
2025-11-14 04:41:29,144 [ERROR] Failed to import RPC handler 'network': cannot import name 'read_json' from 'storage' (/root/mynas/backend/storage/__init__.py)
2025-11-14 04:41:29,144 [INFO] RPC registered: nfs (2 methods)
2025-11-14 04:41:29,144 [INFO] Loaded RPC module: nfs
2025-11-14 04:41:29,145 [INFO] RPC registered: samba (2 methods)
2025-11-14 04:41:29,145 [INFO] Loaded RPC module: samba
2025-11-14 04:41:29,145 [INFO] RPC registered: shares (5 methods)
2025-11-14 04:41:29,145 [INFO] Loaded RPC module: shares
2025-11-14 04:41:29,145 [INFO] RPC registered: storage (5 methods)
2025-11-14 04:41:29,145 [INFO] Loaded RPC module: storage
2025-11-14 04:41:29,146 [WARNING] Module system has no register_rpc()
2025-11-14 04:41:29,146 [INFO] ✅ RPC handlers registered
2025-11-14 04:41:29,146 [INFO] ✅ WebSocket manager configured
2025-11-14 04:41:29,146 [INFO] === Backend startup complete ===
2025-11-14 04:49:27,161 [INFO] Initializing MyNAS backend system...
2025-11-14 04:49:27,162 [INFO] Auto-registering RPC handlers...
2025-11-14 04:49:27,163 [INFO] RPC registered: acl (3 methods)
2025-11-14 04:49:27,166 [INFO] Loaded RPC module: acl
2025-11-14 04:49:27,166 [INFO] RPC registered: backup (4 methods)
2025-11-14 04:49:27,168 [INFO] Loaded RPC module: backup
2025-11-14 04:49:27,169 [INFO] RPC registered: monitoring (1 methods)
2025-11-14 04:49:27,170 [INFO] Loaded RPC module: monitoring
2025-11-14 04:49:27,174 [ERROR] Failed to import RPC handler 'network': cannot import name 'read_json' from 'storage' (/root/mynas/backend/storage/__init__.py)
2025-11-14 04:49:27,177 [INFO] RPC registered: nfs (2 methods)
2025-11-14 04:49:27,180 [INFO] Loaded RPC module: nfs
2025-11-14 04:49:27,182 [INFO] RPC registered: samba (2 methods)
2025-11-14 04:49:27,183 [INFO] Loaded RPC module: samba
2025-11-14 04:49:27,183 [INFO] RPC registered: shares (5 methods)
2025-11-14 04:49:27,184 [INFO] Loaded RPC module: shares
2025-11-14 04:49:27,196 [INFO] RPC registered: storage (5 methods)
2025-11-14 04:49:27,196 [INFO] Loaded RPC module: storage
2025-11-14 04:49:27,198 [WARNING] Module system has no register_rpc()
2025-11-14 04:49:27,199 [INFO] RPC handlers registered successfully.
2025-11-14 04:49:27,199 [INFO] WebSocket manager registered.
2025-11-14 04:49:27,199 [INFO] MyNAS backend initialized successfully.
2025-11-14 04:49:27,337 [INFO] === Starting MyNAS backend services ===
2025-11-14 04:49:27,453 [INFO] ✅ Detected ZFS pools: {'config_pools': [{'name': 'tank', 'devices': ['sdb']}], 'zpool_list': [{'name': 'main', 'health': 'ONLINE'}], 'importable_pools': []}
2025-11-14 04:49:27,453 [INFO] Loaded 0 shares from config.
2025-11-14 04:49:27,457 [INFO] ✅ Shares loaded successfully.
2025-11-14 04:49:27,457 [INFO] Auto-registering RPC handlers...
2025-11-14 04:49:27,458 [INFO] RPC registered: acl (3 methods)
2025-11-14 04:49:27,459 [INFO] Loaded RPC module: acl
2025-11-14 04:49:27,462 [INFO] RPC registered: backup (4 methods)
2025-11-14 04:49:27,462 [INFO] Loaded RPC module: backup
2025-11-14 04:49:27,462 [INFO] RPC registered: monitoring (1 methods)
2025-11-14 04:49:27,462 [INFO] Loaded RPC module: monitoring
2025-11-14 04:49:27,463 [ERROR] Failed to import RPC handler 'network': cannot import name 'read_json' from 'storage' (/root/mynas/backend/storage/__init__.py)
2025-11-14 04:49:27,464 [INFO] RPC registered: nfs (2 methods)
2025-11-14 04:49:27,464 [INFO] Loaded RPC module: nfs
2025-11-14 04:49:27,464 [INFO] RPC registered: samba (2 methods)
2025-11-14 04:49:27,464 [INFO] Loaded RPC module: samba
2025-11-14 04:49:27,465 [INFO] RPC registered: shares (5 methods)
2025-11-14 04:49:27,466 [INFO] Loaded RPC module: shares
2025-11-14 04:49:27,466 [INFO] RPC registered: storage (5 methods)
2025-11-14 04:49:27,467 [INFO] Loaded RPC module: storage
2025-11-14 04:49:27,468 [WARNING] Module system has no register_rpc()
2025-11-14 04:49:27,469 [INFO] ✅ RPC handlers registered
2025-11-14 04:49:27,469 [INFO] ✅ WebSocket manager configured
2025-11-14 04:49:27,472 [INFO] === Backend startup complete ===
2025-11-14 09:18:44,190 [INFO] Initializing MyNAS backend system...
2025-11-14 09:18:44,190 [INFO] Auto-registering RPC handlers...
2025-11-14 09:18:44,192 [INFO] RPC registered: acl (3 methods)
2025-11-14 09:18:44,192 [INFO] Loaded RPC module: acl
2025-11-14 09:18:44,193 [INFO] RPC registered: backup (4 methods)
2025-11-14 09:18:44,193 [INFO] Loaded RPC module: backup
2025-11-14 09:18:44,194 [INFO] RPC registered: monitoring (1 methods)
2025-11-14 09:18:44,195 [INFO] Loaded RPC module: monitoring
2025-11-14 09:18:44,199 [ERROR] Failed to import RPC handler 'network': cannot import name 'read_json' from 'storage' (/root/mynas/backend/storage/__init__.py)
2025-11-14 09:18:44,205 [INFO] RPC registered: nfs (2 methods)
2025-11-14 09:18:44,205 [INFO] Loaded RPC module: nfs
2025-11-14 09:18:44,207 [INFO] RPC registered: samba (2 methods)
2025-11-14 09:18:44,207 [INFO] Loaded RPC module: samba
2025-11-14 09:18:44,209 [INFO] RPC registered: shares (5 methods)
2025-11-14 09:18:44,209 [INFO] Loaded RPC module: shares
2025-11-14 09:18:44,219 [INFO] RPC registered: storage (5 methods)
2025-11-14 09:18:44,219 [INFO] Loaded RPC module: storage
2025-11-14 09:18:44,220 [WARNING] Module system has no register_rpc()
2025-11-14 09:18:44,221 [INFO] RPC handlers registered successfully.
2025-11-14 09:18:44,221 [INFO] WebSocket manager registered.
2025-11-14 09:18:44,221 [INFO] MyNAS backend initialized successfully.
2025-11-14 09:18:44,407 [INFO] === Starting MyNAS backend services ===
2025-11-14 09:18:44,551 [INFO] ✅ Detected ZFS pools: {'config_pools': [{'name': 'tank', 'devices': ['sdb']}], 'zpool_list': [{'name': 'main', 'health': 'ONLINE'}], 'importable_pools': []}
2025-11-14 09:18:44,553 [INFO] Loaded 0 shares from config.
2025-11-14 09:18:44,556 [INFO] ✅ Shares loaded successfully.
2025-11-14 09:18:44,559 [INFO] Auto-registering RPC handlers...
2025-11-14 09:18:44,560 [INFO] RPC registered: acl (3 methods)
2025-11-14 09:18:44,561 [INFO] Loaded RPC module: acl
2025-11-14 09:18:44,562 [INFO] RPC registered: backup (4 methods)
2025-11-14 09:18:44,564 [INFO] Loaded RPC module: backup
2025-11-14 09:18:44,567 [INFO] RPC registered: monitoring (1 methods)
2025-11-14 09:18:44,568 [INFO] Loaded RPC module: monitoring
2025-11-14 09:18:44,569 [ERROR] Failed to import RPC handler 'network': cannot import name 'read_json' from 'storage' (/root/mynas/backend/storage/__init__.py)
2025-11-14 09:18:44,574 [INFO] RPC registered: nfs (2 methods)
2025-11-14 09:18:44,575 [INFO] Loaded RPC module: nfs
2025-11-14 09:18:44,576 [INFO] RPC registered: samba (2 methods)
2025-11-14 09:18:44,576 [INFO] Loaded RPC module: samba
2025-11-14 09:18:44,577 [INFO] RPC registered: shares (5 methods)
2025-11-14 09:18:44,577 [INFO] Loaded RPC module: shares
2025-11-14 09:18:44,577 [INFO] RPC registered: storage (5 methods)
2025-11-14 09:18:44,578 [INFO] Loaded RPC module: storage
2025-11-14 09:18:44,579 [WARNING] Module system has no register_rpc()
2025-11-14 09:18:44,579 [INFO] ✅ RPC handlers registered
2025-11-14 09:18:44,581 [INFO] ✅ WebSocket manager configured
2025-11-14 09:18:44,582 [INFO] === Backend startup complete ===
2025-11-14 09:19:51,866 [INFO] 🛑 MyNAS Backend Shutting down...
2025-11-14 09:19:51,867 [INFO] Backend terminated.
